Time,Working_Mode,V_MPPT1,V_MPPT2,V_MPPT3,I_MPPT1,I_MPPT2,I_MPPT3,Power_W,Total_Gen_kWh,I_AC1,I_AC2,I_AC3,Ua,Ub,Uc,Temperature,P_MPPT1,P_MPPT2,P_MPPT3,V_imbalance_12,V_imbalance_13,I_imbalance_12,I_imbalance_13,DC_total,DC_AC_efficiency,Temp_corrected_power,ANOMALY,ANOMALY_LABEL,FAULT_TYPE
2026-01-01 06:37:25,Normal,510.1,478.3,0,0.3,0.2,0,34,3466.9,1.8,2,1.5,251.6,248.5,251.6,20.6,153.03,95.66000000000001,0,31.80000000000001,510.1,0.09999999999999998,0.3,248.69,0.13671639335431102,33.41194968553459,-1,Fault,Inverter Fault
2026-01-01 06:38:27,Normal,445.1,415.5,0,0.3,0.2,0,32,3466.9,1.8,1.6,1.7,251.3,248,251.3,20.7,133.53,83.10000000000001,0,29.600000000000023,445.1,0.09999999999999998,0.3,216.63,0.14771730532374416,31.458906802988594,-1,Fault,Inverter Fault
2026-01-01 06:39:30,Normal,378.6,380.5,0,0.3,0.2,0,35,3466.9,1.9,1.7,1.7,251.3,248.4,251.1,20.8,113.58,76.10000000000001,0,1.8999999999999773,378.6,0.09999999999999998,0.3,189.68,0.18452129805714204,34.421715184893785,-1,Fault,Inverter Fault
2026-01-01 06:53:05,Normal,579.8,427.0,0,0.5,0.3,0,150,3466.9,1.8,1.8,1.7,250.6,248.5,250.7,23.0,289.9,128.1,0,152.79999999999995,579.8,0.2,0.5,418.0,0.3588516737826515,148.8095238095238,-1,Fault,String 2 Fault
2026-01-01 06:54:08,Normal,585.5,414.0,0,0.5,0.3,0,164,3466.9,1.8,1.6,1.6,250.8,248,250.6,23.1,292.75,124.19999999999999,0,171.5,585.5,0.2,0.5,416.95,0.3933325329336071,162.76300119094878,-1,Fault,String 2 Fault
2026-01-01 06:55:11,Normal,592.0,399.3,0,0.5,0.3,0,156,3466.9,1.5,1.5,1.4,249.9,247.6,249.9,23.2,296.0,119.78999999999999,0,192.7,592.0,0.2,0.5,415.78999999999996,0.3751893975920792,154.88482922954725,-1,Fault,String 2 Fault
2026-01-01 06:56:13,Normal,577.1,386.3,0,0.6,0.3,0,188,3466.9,1.6,1.5,1.6,250.7,248.2,250.1,23.4,346.26,115.89,0,190.8,577.1,0.3,0.6,462.15,0.40679432996474235,186.80445151033388,-1,Fault,String 2 Fault
2026-01-01 06:57:16,Normal,585.6,324.1,0,0.6,0.4,0,201,3466.9,1.7,1.6,1.8,250.6,248.3,250.5,23.5,351.36,129.64000000000001,0,261.5,585.6,0.19999999999999996,0.6,481.0,0.4178794170106457,199.80119284294236,-1,Fault,String 2 Fault
2026-01-01 06:58:19,Normal,594.2,313.9,0,0.6,0.4,0,208,3466.9,1.7,1.3,1.6,250.2,249.6,250.5,23.6,356.52000000000004,125.56,0,280.30000000000007,594.2,0.19999999999999996,0.6,482.08000000000004,0.4314636565892307,206.84168655529035,-1,Fault,String 2 Fault
2026-01-01 06:59:22,Normal,598.2,329.6,0,0.6,0.4,0,234,3466.9,1.6,1.6,1.6,250.6,249.7,251.8,23.7,358.92,131.84,0,268.6,598.2,0.19999999999999996,0.6,490.76,0.47681147510634225,232.78949462793472,-1,Fault,String 2 Fault
2026-01-01 07:00:25,Normal,584.8,340.8,0,0.7,0.4,0,249,3466.9,1.7,1.6,1.7,251.2,250.1,252,23.9,409.35999999999996,136.32000000000002,0,243.99999999999994,584.8,0.29999999999999993,0.7,545.68,0.4563113904553743,247.90919952210277,-1,Fault,String 2 Fault
2026-01-01 07:01:27,Normal,600.5,315.8,0,0.7,0.5,0,264,3466.9,1.5,1.6,1.7,250.9,249.9,250.9,24.0,420.34999999999997,157.9,0,284.7,600.5,0.19999999999999996,0.7,578.25,0.45654993435961966,262.9482071713147,-1,Fault,String 2 Fault
2026-01-01 07:02:30,Normal,600.2,341.0,0,0.7,0.5,0,296,3466.9,1.5,1.7,1.8,251,250,251.2,24.1,420.14,170.5,0,259.20000000000005,600.2,0.19999999999999996,0.7,590.64,0.5011512926636339,294.9382223993623,-1,Fault,String 2 Fault
2026-01-01 07:03:33,Normal,608.3,372.3,0,0.8,0.5,0,336,3466.9,1.7,1.6,1.8,251,250,251,24.2,486.64,186.15,0,235.99999999999994,608.3,0.30000000000000004,0.8,672.79,0.4994128918393364,334.92822966507174,-1,Fault,String 2 Fault
2026-01-01 07:04:35,Normal,606.1,454.0,0,0.8,0.5,0,379,3466.9,1.5,1.7,1.6,250.6,249.2,250.1,24.4,484.88000000000005,227.0,0,152.10000000000002,606.1,0.30000000000000004,0.8,711.8800000000001,0.5323930992127983,378.0925778132482,-1,Fault,String 2 Fault
2026-01-01 07:05:38,Normal,601.9,421.9,0,0.8,0.5,0,409,3467,1.6,1.5,1.6,251,249.4,250.5,24.5,481.52,210.95,0,180.0,601.9,0.30000000000000004,0.8,692.47,0.5906393048209463,408.18363273453093,-1,Fault,String 2 Fault
2026-01-01 07:06:43,Normal,600.6,419.0,0,0.9,0.5,0,453,3467,1.6,1.5,1.5,251.1,249.4,250.2,24.6,540.5400000000001,209.5,0,181.60000000000002,600.6,0.4,0.9,750.0400000000001,0.603967787579372,452.27635782747603,-1,Fault,String 2 Fault
2026-01-01 17:28:21,Normal,529.3,362.7,0,0.5,0.3,0,161,3552.3,1.9,1.6,1.8,253.9,252.4,256.4,38.2,264.65,108.80999999999999,0,166.59999999999997,529.3,0.2,0.5,373.46,0.43110373150778203,169.97466216216216,-1,Fault,String 2 Fault
2026-01-01 17:29:24,Normal,515.8,323.5,0,0.5,0.3,0,141,3552.3,1.9,1.7,1.4,253.4,252.2,256.1,38.1,257.9,97.05,0,192.29999999999995,515.8,0.2,0.5,354.95,0.39723904663406384,148.7969607429295,-1,Fault,String 2 Fault
2026-01-01 17:30:26,Normal,491.1,266.6,0,0.5,0.3,0,99,3552.3,1.8,1.5,1.7,253.8,252.7,256.5,38.0,245.55,79.98,0,224.5,491.1,0.2,0.5,325.53000000000003,0.3041194350624537,104.43037974683544,-1,Fault,String 2 Fault
2026-01-01 17:31:29,Normal,578.5,206.0,0,0.5,0.3,0,94,3552.3,1.7,1.5,1.8,254,252.8,256.4,38.0,289.25,61.8,0,372.5,578.5,0.2,0.5,351.05,0.2677681234360686,99.15611814345992,-1,Fault,String 2 Fault
2026-01-01 17:32:31,Normal,571.9,478.9,0,0.5,0.3,0,93,3552.3,1.9,1.6,1.8,254.1,253.4,256.2,38.0,285.95,143.67,0,93.0,571.9,0.2,0.5,429.62,0.21647036865958202,98.10126582278481,-1,Fault,String 2 Fault
2026-01-01 17:42:57,Normal,391.0,251.6,0,0.3,0.2,0,43,3552.3,1.7,1.6,1.5,251.7,251.5,254.6,37.2,117.3,50.32,0,139.4,391.0,0.09999999999999998,0.3,167.62,0.2565326318068689,45.20605550883095,-1,Fault,String 2 Fault
2026-01-01 17:43:59,Normal,348.0,512.1,0,0.3,0.1,0,38,3552.3,1.7,1.7,1.8,252,251.7,254.5,37.2,104.39999999999999,51.21000000000001,0,164.10000000000002,348.0,0.19999999999999998,0.3,155.61,0.24420024263093473,39.949537426408746,-1,Fault,String 1 Fault
2026-01-01 17:46:04,Normal,290.3,374.3,0,0.3,0.2,0,33,3552.3,1.9,1.7,1.6,251.5,251.4,254.6,37.0,87.09,74.86,0,84.0,290.3,0.09999999999999998,0.3,161.95,0.2037665933697648,34.66386554621849,-1,Fault,String 1 Fault
2026-01-01 17:48:09,Normal,284.5,231.6,0,0.3,0.1,0,19,3552.3,1.6,1.7,1.8,251.2,250.7,253.8,36.8,85.35,23.16,0,52.900000000000006,284.5,0.19999999999999998,0.3,108.50999999999999,0.1750990675965435,19.941225860621326,-1,Fault,String 2 Fault
2026-02-01 06:38:34,Normal,542.3,485.1,0,0.3,0.2,0,37,3552.3,1.7,1.8,1.7,245.4,247.2,250.2,20.4,162.68999999999997,97.02000000000001,0,57.19999999999993,542.3,0.09999999999999998,0.3,259.71,0.142466596810032,36.33150039277298,-1,Fault,String 2 Fault
2026-02-01 06:39:36,Normal,532.7,420.8,0,0.3,0.2,0,31,3552.3,1.6,1.6,1.8,244.9,246.8,249.4,20.5,159.81,84.16000000000001,0,111.90000000000003,532.7,0.09999999999999998,0.3,243.97000000000003,0.12706480252873384,30.451866404715126,-1,Fault,String 2 Fault
2026-02-01 06:40:39,Normal,514.0,369.4,0,0.3,0.2,0,39,3552.3,1.8,1.6,1.3,245.1,245.9,249.6,20.6,154.2,73.88,0,144.60000000000002,514.0,0.09999999999999998,0.3,228.07999999999998,0.1709926334137468,38.325471698113205,-1,Fault,String 2 Fault
2026-02-01 06:41:41,Normal,510.6,323.4,0,0.3,0.2,0,75,3552.3,1.6,1.6,1.4,244.5,245.5,249.2,20.8,153.18,64.67999999999999,0,187.20000000000005,510.6,0.09999999999999998,0.3,217.86,0.34425777864565416,73.76081825334383,-1,Fault,String 2 Fault
2026-02-01 06:42:44,Normal,483.0,262.9,0,0.3,0.2,0,42,3552.3,1.6,1.7,1.5,244.4,245.5,249.3,20.9,144.9,52.58,0,220.10000000000002,483.0,0.09999999999999998,0.3,197.48000000000002,0.21267976396252902,41.32231404958678,-1,Fault,String 2 Fault
2026-02-01 06:43:46,Normal,479.5,206.5,0,0.3,0.3,0,35,3552.3,1.8,1.7,1.5,244.5,245.6,248.9,21.1,143.85,61.949999999999996,0,273.0,479.5,0.0,0.3,205.79999999999998,0.17006802638450913,34.46238676644348,-1,Fault,String 2 Fault
2026-02-01 06:45:51,Normal,479.1,559.0,0,0.4,0.2,0,54,3552.3,1.6,1.8,1.5,244.8,246.8,249.3,21.6,191.64000000000001,111.80000000000001,0,79.89999999999998,479.1,0.2,0.4,303.44000000000005,0.17795939830622395,53.27545382794001,-1,Fault,String 1 Fault
2026-02-01 06:55:15,Normal,567.5,412.1,0,0.6,0.3,0,192,3552.3,1.6,1.5,1.7,245.1,246.5,245.4,23.0,340.5,123.63,0,155.39999999999998,567.5,0.3,0.6,464.13,0.4136772016166221,190.47619047619048,-1,Fault,String 2 Fault
2026-02-01 06:56:18,Normal,566.8,361.3,0,0.6,0.3,0,197,3552.3,1.7,1.9,1.6,245,246.6,245.3,23.2,340.08,108.39,0,205.49999999999994,566.8,0.3,0.6,448.46999999999997,0.43927129921896385,195.5917394757744,-1,Fault,String 2 Fault
2026-02-01 06:57:21,Normal,580.0,308.0,0,0.6,0.4,0,187,3552.3,1.6,1.8,1.6,245.1,247,244.3,23.3,348.0,123.2,0,272.0,580.0,0.19999999999999996,0.6,471.2,0.39685908234962,185.73698847834726,-1,Fault,String 2 Fault
2026-02-01 06:58:23,Normal,574.8,245.0,0,0.6,0.3,0,172,3552.3,1.5,1.5,1.6,245.2,245.4,244.3,23.4,344.87999999999994,73.5,0,329.79999999999995,574.8,0.3,0.6,418.37999999999994,0.41110951668074597,170.90620031796504,-1,Fault,String 2 Fault
2026-02-01 07:07:49,Normal,561.2,414.1,0,0.6,0.3,0,197,3552.4,1.6,1.7,1.6,244.2,245.5,242.4,24.5,336.72,124.23,0,147.10000000000002,561.2,0.3,0.6,460.95000000000005,0.4273782396629173,196.60678642714572,-1,Fault,String 2 Fault
2026-02-01 07:08:51,Normal,576.0,370.9,0,0.6,0.4,0,224,3552.4,1.7,1.7,1.5,244.1,245.5,242.2,24.6,345.59999999999997,148.35999999999999,0,205.10000000000002,576.0,0.19999999999999996,0.6,493.9599999999999,0.45347801349607664,223.64217252396165,-1,Fault,String 2 Fault
2026-02-01 07:09:54,Normal,588.6,386.0,0,0.6,0.4,0,281,3552.4,1.2,1.7,1.4,243.9,245.1,241.4,24.7,353.16,154.4,0,202.60000000000002,588.6,0.19999999999999996,0.6,507.56000000000006,0.5536291265000608,280.66320415501394,-1,Fault,String 2 Fault
2026-02-01 17:33:12,Normal,543.2,376.0,0,0.5,0.3,0,151,3640.5,1.5,1.6,1.6,249.5,246.8,250.4,37.6,271.6,112.8,0,167.20000000000005,543.2,0.2,0.5,384.40000000000003,0.3928199781664412,159.01432181971356,-1,Fault,String 2 Fault
2026-02-01 17:34:15,Normal,534.9,340.8,0,0.5,0.3,0,122,3640.5,1.6,1.7,1.8,248.2,246.9,250.4,37.5,267.45,102.24,0,194.09999999999997,534.9,0.2,0.5,369.69,0.33000622053610806,128.42105263157896,-1,Fault,String 2 Fault
2026-02-01 17:35:17,Normal,505.8,342.7,0,0.5,0.3,0,104,3640.5,1.7,1.5,1.7,247.6,246.3,249.9,37.4,252.9,102.80999999999999,0,163.10000000000002,505.8,0.2,0.5,355.71,0.2923729996559754,109.42760942760943,-1,Fault,String 2 Fault
2026-02-01 17:39:28,Normal,507.1,494.3,0,0.4,0.2,0,63,3640.5,1.8,1.4,1.8,246.6,245.5,248.9,37.2,202.84000000000003,98.86000000000001,0,12.800000000000011,507.1,0.2,0.4,301.70000000000005,0.2088167046442933,66.23212783851976,-1,Fault,Inverter Fault
2026-02-01 17:49:53,Normal,402.1,283.9,0,0.3,0.1,0,32,3640.5,1.6,1.7,1.6,249,246.6,247.5,36.5,120.63,28.39,0,118.20000000000005,402.1,0.19999999999999998,0.3,149.01999999999998,0.21473627556880773,33.542976939203356,-1,Fault,String 2 Fault
2026-02-01 17:50:56,Normal,412.1,240.4,0,0.3,0.1,0,39,3640.5,1.9,1.7,1.8,248.8,246.1,247.2,36.5,123.63,24.040000000000003,0,171.70000000000002,412.1,0.19999999999999998,0.3,147.67,0.26410238867676317,40.88050314465409,-1,Fault,String 2 Fault
2026-02-01 17:51:58,Normal,427.2,240.0,0,0.3,0.1,0,38,3640.5,1.8,1.6,1.3,248.2,246,247.1,36.4,128.16,24.0,0,187.2,427.2,0.19999999999999998,0.3,152.16,0.24973711718101266,39.81559094719195,-1,Fault,String 2 Fault
2026-03-01 06:38:23,Normal,486.8,329.2,0,0.3,0.2,0,23,3640.5,1.6,1.4,1.4,244.6,247,249.9,20.5,146.04,65.84,0,157.60000000000002,486.8,0.09999999999999998,0.3,211.88,0.10855201005969413,22.593320235756384,-1,Fault,String 2 Fault
2026-03-01 06:39:26,Normal,422.3,288.3,0,0.3,0.2,0,32,3640.5,1.6,1.7,1.6,244.8,247,250.1,20.6,126.69,57.660000000000004,0,134.0,422.3,0.09999999999999998,0.3,184.35,0.17358285775111007,31.446540880503143,-1,Fault,String 2 Fault
2026-03-01 06:40:28,Normal,365.5,270.2,0,0.3,0.2,0,36,3640.5,1.6,1.6,1.5,245.4,246.6,249.4,20.7,109.64999999999999,54.04,0,95.30000000000001,365.5,0.09999999999999998,0.3,163.69,0.21992791117400018,35.391270153362164,-1,Fault,String 2 Fault
2026-03-01 06:41:31,Normal,390.0,234.9,0,0.3,0.2,0,30,3640.5,1.4,1.5,1.6,245.4,246.7,250,20.9,117.0,46.980000000000004,0,155.1,390.0,0.09999999999999998,0.3,163.98000000000002,0.18294913902336174,29.515938606847698,-1,Fault,String 2 Fault
2026-03-01 06:42:33,Normal,409.1,544.1,0,0.3,0.2,0,44,3640.5,1.4,1.7,1.6,245.3,245.4,249.6,21.1,122.73,108.82000000000001,0,135.0,409.1,0.09999999999999998,0.3,231.55,0.19002375214846143,43.32414336352895,-1,Fault,String 1 Fault
2026-03-01 06:43:36,Normal,352.7,565.6,0,0.4,0.2,0,50,3640.5,1.9,1.8,1.3,245.2,245,249.3,21.3,141.08,113.12,0,212.90000000000003,352.7,0.2,0.4,254.20000000000002,0.19669551456846768,49.270792274339776,-1,Fault,String 1 Fault
2026-03-01 06:44:38,Normal,313.1,558.7,0,0.4,0.2,0,45,3640.5,1.7,1.6,1.6,244.5,245.1,249.1,21.5,125.24000000000001,111.74000000000001,0,245.60000000000002,313.1,0.2,0.4,236.98000000000002,0.18988944134572772,44.37869822485207,-1,Fault,String 1 Fault
2026-03-01 06:45:41,Normal,286.8,510.8,0,0.4,0.2,0,45,3640.5,1.5,1.7,1.5,244.7,245.9,249.1,21.6,114.72000000000001,102.16000000000001,0,224.0,286.8,0.2,0.4,216.88000000000002,0.20748801084706744,44.39621152328334,-1,Fault,String 1 Fault
2026-03-01 06:46:43,Normal,301.5,539.6,0,0.4,0.2,0,60,3640.5,1.7,1.5,1.5,244.7,245.9,249.3,21.8,120.60000000000001,107.92000000000002,0,238.10000000000002,301.5,0.2,0.4,228.52000000000004,0.2625590746430987,59.241706161137444,-1,Fault,String 1 Fault
2026-03-01 06:47:46,Normal,349.4,502.7,0,0.4,0.3,0,74,3640.5,1.8,1.8,1.6,244.9,246.3,249.4,22.0,139.76,150.81,0,153.3,349.4,0.10000000000000003,0.4,290.57,0.2546718510008884,73.12252964426878,-1,Fault,String 1 Fault
2026-03-01 06:48:48,Normal,403.8,496.1,0,0.4,0.3,0,75,3640.5,2,1.4,1.5,244.1,246,249.6,22.1,161.52,148.83,0,92.30000000000001,403.8,0.10000000000000003,0.4,310.35,0.24166263817733963,74.13997627520759,-1,Fault,String 1 Fault
2026-03-01 06:58:13,Normal,560.2,417.0,0,0.5,0.3,0,162,3640.5,1.6,1.5,1.6,243.8,245.6,247.4,23.4,280.1,125.1,0,143.20000000000005,560.2,0.2,0.5,405.20000000000005,0.3998025656470815,160.96979332273452,-1,Fault,String 2 Fault
2026-03-01 06:59:16,Normal,585.0,411.6,0,0.5,0.3,0,187,3640.5,1.8,2,1.6,243.6,245.6,247.4,23.5,292.5,123.48,0,173.39999999999998,585.0,0.2,0.5,415.98,0.4495408422290955,185.88469184890656,-1,Fault,String 2 Fault
2026-03-01 07:00:19,Normal,588.5,386.6,0,0.5,0.3,0,187,3640.5,1.8,1.6,1.7,243.7,245.5,246.9,23.6,294.25,115.98,0,201.89999999999998,588.5,0.2,0.5,410.23,0.4558418437075742,185.95863166268893,-1,Fault,String 2 Fault
2026-03-01 07:01:22,Normal,596.5,347.7,0,0.6,0.4,0,188,3640.5,1.7,1.8,1.7,243.2,245.6,246.2,23.7,357.9,139.08,0,248.8,596.5,0.19999999999999996,0.6,496.98,0.3782848396750677,187.02745722244327,-1,Fault,String 2 Fault
2026-03-01 07:02:25,Normal,599.8,302.6,0,0.6,0.4,0,206,3640.5,1.7,1.6,1.6,244.1,245,245.5,23.8,359.87999999999994,121.04000000000002,0,297.19999999999993,599.8,0.19999999999999996,0.6,480.91999999999996,0.4283456699069582,205.015923566879,-1,Fault,String 2 Fault
2026-03-01 07:03:27,Normal,603.2,316.7,0,0.6,0.4,0,216,3640.5,1.6,1.6,1.6,244.1,245.6,245.5,23.9,361.92,126.68,0,286.50000000000006,603.2,0.19999999999999996,0.6,488.6,0.4420794096559979,215.05376344086022,-1,Fault,String 2 Fault
2026-03-01 07:04:30,Normal,604.7,383.9,0,0.6,0.4,0,260,3640.5,1.6,1.6,1.8,243.6,245.1,245,24.0,362.82,153.56,0,220.80000000000007,604.7,0.19999999999999996,0.6,516.38,0.5035051696357233,258.9641434262948,-1,Fault,String 2 Fault
2026-03-01 07:05:33,Normal,595.6,405.8,0,0.7,0.4,0,292,3640.6,1.8,1.8,1.5,243.9,243.9,244.9,24.1,416.92,162.32000000000002,0,189.8,595.6,0.29999999999999993,0.7,579.24,0.5041088313926717,290.95257074531685,-1,Fault,String 2 Fault
2026-03-01 07:06:36,Normal,587.0,371.6,0,0.7,0.5,0,307,3640.6,1.7,1.5,1.6,242.9,243,245.6,24.2,410.9,185.8,0,215.39999999999998,587.0,0.19999999999999996,0.7,596.7,0.5144963959871017,306.0207336523126,-1,Fault,String 2 Fault
2026-03-01 07:07:39,Normal,587.5,368.9,0,0.8,0.5,0,324,3640.6,1.5,1.5,1.6,243.2,243.2,245.3,24.3,470.0,184.45,0,218.60000000000002,587.5,0.30000000000000004,0.8,654.45,0.49507219727240853,323.0953330674113,-1,Fault,String 2 Fault
2026-03-01 17:30:44,Normal,544.1,389.4,0,0.5,0.3,0,143,3738.1,1.4,1.4,1.8,249.9,249,251.5,36.9,272.05,116.82,0,154.70000000000005,544.1,0.2,0.5,388.87,0.3677321460443538,150.1469970600588,-1,Fault,String 2 Fault
2026-03-01 17:41:11,Normal,462.3,341.3,0,0.3,0.2,0,48,3738.1,1.5,1.8,1.6,249.9,248.2,249.6,36.2,138.69,68.26,0,121.0,462.3,0.09999999999999998,0.3,206.95,0.23194008102469157,50.25125628140704,-1,Fault,String 2 Fault
2026-03-01 17:42:13,Normal,502.8,296.2,0,0.3,0.2,0,54,3738.1,1.6,1.5,1.8,249.7,248.4,250,36.1,150.84,59.24,0,206.60000000000002,502.8,0.09999999999999998,0.3,210.08,0.25704493403919965,56.50899958141482,-1,Fault,String 2 Fault
2026-03-01 17:43:16,Normal,516.4,244.5,0,0.3,0.2,0,43,3738.1,1.6,1.5,1.7,249.9,248.3,249.6,36.0,154.92,48.900000000000006,0,271.9,516.4,0.09999999999999998,0.3,203.82,0.21097046309993886,44.979079497907954,-1,Fault,String 2 Fault
2026-03-01 17:45:21,Normal,534.5,481.8,0,0.3,0.1,0,43,3738.1,1.8,1.6,1.6,249.2,247.7,249.4,36.0,160.35,48.18000000000001,0,52.69999999999999,534.5,0.19999999999999998,0.3,208.53,0.20620534116815162,44.979079497907954,-1,Fault,String 2 Fault
2026-03-01 17:48:28,Normal,413.0,299.0,0,0.3,0.1,0,32,3738.1,1.6,1.6,1.6,249.1,247.6,248.7,35.8,123.89999999999999,29.900000000000002,0,114.0,413.0,0.19999999999999998,0.3,153.79999999999998,0.20806241737280615,33.44481605351171,-1,Fault,String 2 Fault
2026-03-01 17:49:31,Normal,397.8,247.3,0,0.3,0.1,0,35,3738.1,1.8,1.5,1.7,248.8,247.4,249.3,35.7,119.34,24.730000000000004,0,150.5,397.8,0.19999999999999998,0.3,144.07,0.24293745927023352,36.564981195152534,-1,Fault,String 2 Fault
2026-03-01 17:50:33,Normal,441.1,232.6,0,0.3,0.1,0,27,3738.1,1.7,1.3,1.5,248.9,247.2,249.1,35.6,132.33,23.26,0,208.50000000000003,441.1,0.19999999999999998,0.3,155.59,0.17353300229106625,28.195488721804512,-1,Fault,String 2 Fault
2026-03-01 17:51:35,Normal,459.8,262.5,0,0.2,0.1,0,27,3738.1,1.7,1.7,1.6,248.3,247.2,249.3,35.6,91.96000000000001,26.25,0,197.3,459.8,0.1,0.2,118.21000000000001,0.22840707022750129,28.195488721804512,-1,Fault,String 2 Fault
2026-03-01 17:52:38,Normal,477.5,267.7,0,0.2,0.1,0,25,3738.1,1.8,1.5,1.7,248.5,247.4,249.1,35.5,95.5,26.77,0,209.8,477.5,0.1,0.2,122.27,0.20446552543988286,26.096033402922757,-1,Fault,String 2 Fault
2026-03-01 17:53:40,Normal,472.2,248.8,0,0.2,0.1,0,19,3738.1,1.7,1.8,1.3,247.9,246.9,249.7,35.5,94.44,24.880000000000003,0,223.39999999999998,472.2,0.1,0.2,119.32,0.15923566745528273,19.832985386221296,-1,Fault,String 2 Fault
2026-03-01 17:54:43,Normal,456.6,238.9,0,0.2,0.1,0,26,3738.1,1.7,1.4,1.5,249.4,247.5,246.8,35.5,91.32000000000001,23.89,0,217.70000000000002,456.6,0.1,0.2,115.21000000000001,0.22567485265450174,27.139874739039666,-1,Fault,String 2 Fault
2026-04-01 06:35:00,Normal,502.3,487.7,0,0.3,0.2,0,35,3738.1,1.8,1.6,1.4,250.3,249.2,252.3,19.6,150.69,97.54,0,14.600000000000023,502.3,0.09999999999999998,0.3,248.23000000000002,0.1409982671675532,34.259984338292874,-1,Fault,Inverter Fault
2026-04-01 06:36:03,Normal,476.3,434.0,0,0.3,0.2,0,35,3738.1,1.9,1.4,1.8,250.4,249.2,252.2,19.7,142.89,86.80000000000001,0,42.30000000000001,476.3,0.09999999999999998,0.3,229.69,0.15237929316740262,34.27340383862123,-1,Fault,Inverter Fault
2026-04-01 06:37:05,Normal,403.3,394.6,0,0.3,0.2,0,31,3738.1,1.8,1.4,1.7,250,249.2,251.6,19.9,120.99,78.92000000000002,0,8.699999999999989,403.3,0.09999999999999998,0.3,199.91000000000003,0.15506978062593274,30.380243041944336,-1,Fault,Inverter Fault
2026-04-01 06:39:10,Normal,286.3,332.8,0,0.3,0.2,0,27,3738.1,1.9,1.7,1.5,250.3,249,251.5,20.2,85.89,66.56,0,46.5,286.3,0.09999999999999998,0.3,152.45,0.1771072471163841,26.49136577708006,-1,Fault,Inverter Fault
2026-04-01 06:49:38,Normal,586.6,424.8,0,0.5,0.3,0,161,3738.1,1.6,1.7,1.5,247.4,248.8,251.8,21.9,293.3,127.44,0,161.8,586.6,0.2,0.5,420.74,0.3826591234903762,159.0280521532991,-1,Fault,String 2 Fault
2026-04-01 06:50:41,Normal,593.0,423.1,0,0.5,0.3,0,176,3738.1,1.9,1.3,1.7,247.4,249.2,251.8,22.1,296.5,126.93,0,169.89999999999998,593.0,0.2,0.5,423.43,0.41565311759758844,173.98181099248714,-1,Fault,String 2 Fault
2026-04-01 06:51:43,Normal,596.9,384.1,0,0.6,0.3,0,187,3738.1,1.7,1.6,1.6,247.8,249.3,251.9,22.2,358.14,115.23,0,212.79999999999995,596.9,0.3,0.6,473.37,0.395039820024421,184.92879746835442,-1,Fault,String 2 Fault
2026-04-01 06:52:46,Normal,605.8,325.2,0,0.6,0.4,0,190,3738.1,1.7,1.3,1.5,247.4,249.1,251.9,22.4,363.47999999999996,130.08,0,280.59999999999997,605.8,0.19999999999999996,0.6,493.55999999999995,0.3849582616400068,188.0443388756928,-1,Fault,String 2 Fault
2026-04-01 06:53:49,Normal,606.4,321.1,0,0.6,0.4,0,208,3738.1,1.8,1.4,1.7,247.1,249,251.9,22.5,363.84,128.44000000000003,0,285.29999999999995,606.4,0.19999999999999996,0.6,492.28,0.42252376610359194,205.94059405940595,-1,Fault,String 2 Fault
2026-04-01 06:54:52,Normal,598.1,329.3,0,0.6,0.4,0,231,3738.1,1.8,1.6,1.7,247.8,249.3,251.1,22.6,358.86,131.72,0,268.8,598.1,0.19999999999999996,0.6,490.58000000000004,0.47087121270563165,228.80348652931852,-1,Fault,String 2 Fault
2026-04-01 06:55:55,Normal,609.0,295.1,0,0.6,0.4,0,256,3738.2,1.6,1.5,1.5,247.7,249.1,250.9,22.7,365.4,118.04000000000002,0,313.9,609.0,0.19999999999999996,0.6,483.44,0.5295383076916715,253.66627031311927,-1,Fault,String 2 Fault
2026-04-01 06:56:58,Normal,603.5,252.3,0,0.7,0.5,0,258,3738.2,1.7,1.8,1.7,247.5,249.4,250.9,22.9,422.45,126.15,0,351.2,603.5,0.19999999999999996,0.7,548.6,0.47028800497577833,255.85085283617613,-1,Fault,String 2 Fault
2026-04-01 06:58:00,Normal,603.5,287.1,0,0.8,0.5,0,292,3738.2,1.4,1.3,1.8,247.3,249.1,250.7,23.0,482.8,143.55,0,316.4,603.5,0.30000000000000004,0.8,626.35,0.4661930223258673,289.6825396825397,-1,Fault,String 2 Fault
2026-04-01 06:59:03,Normal,608.4,297.2,0,0.8,0.5,0,337,3738.2,1.7,1.3,1.8,247.6,249.3,250.8,23.1,486.72,148.6,0,311.2,608.4,0.30000000000000004,0.8,635.32,0.5304413515544271,334.45811830091304,-1,Fault,String 2 Fault
2026-04-01 07:00:06,Normal,599.6,252.0,0,0.8,0.5,0,337,3738.2,2,1.7,1.6,248.4,248.2,251,23.2,479.68000000000006,126.0,0,347.6,599.6,0.30000000000000004,0.8,605.6800000000001,0.5563994179163924,334.5909451945989,-1,Fault,String 2 Fault
2026-04-01 07:01:09,Normal,608.0,284.1,0,0.8,0.5,0,383,3738.2,1.6,1.6,1.8,248,248.8,251.6,23.3,486.40000000000003,142.05,0,323.9,608.0,0.30000000000000004,0.8,628.45,0.609435912786322,380.4131903059198,-1,Fault,String 2 Fault
2026-04-01 07:02:11,Normal,609.1,443.2,0,0.9,0.5,0,481,3738.2,1.6,1.5,1.6,248.4,248.7,251.3,23.5,548.19,221.6,0,165.90000000000003,609.1,0.4,0.9,769.7900000000001,0.6248457363373832,478.13121272365805,-1,Fault,String 2 Fault
2026-04-01 17:36:00,Normal,555.3,408.1,0,0.5,0.3,0,153,3848,1.7,1.6,1.6,253,249.5,253.3,37.1,277.65,122.43,0,147.19999999999993,555.3,0.2,0.5,400.08,0.382423514341073,160.78184110970997,-1,Fault,String 2 Fault
2026-04-01 17:46:26,Normal,549.8,429.1,0,0.3,0.2,0,52,3848,1.7,1.8,1.5,252.8,249,252.9,36.4,164.93999999999997,85.82000000000001,0,120.69999999999993,549.8,0.09999999999999998,0.3,250.76,0.20736959559989793,54.48449287510478,-1,Fault,String 2 Fault
2026-04-01 17:47:29,Normal,495.5,360.0,0,0.3,0.2,0,46,3848,1.9,1.6,1.5,252.6,249.1,252.8,36.3,148.65,72.0,0,135.5,495.5,0.09999999999999998,0.3,220.65,0.20847495939961497,48.17762882279011,-1,Fault,String 2 Fault
2026-04-01 17:48:31,Normal,482.5,292.6,0,0.3,0.2,0,36,3848,2,1.6,1.6,252.4,250.1,252.9,36.2,144.75,58.52000000000001,0,189.89999999999998,482.5,0.09999999999999998,0.3,203.27,0.17710434310471618,37.68844221105528,-1,Fault,String 2 Fault
2026-04-01 17:49:34,Normal,465.5,225.4,0,0.3,0.2,0,38,3848,1.7,1.5,1.5,252,249.7,252.7,36.2,139.65,45.080000000000005,0,240.1,465.5,0.09999999999999998,0.3,184.73000000000002,0.20570562331128878,39.7822445561139,-1,Fault,String 2 Fault
2026-04-01 17:50:36,Normal,453.4,467.8,0,0.3,0.1,0,42,3848,1.9,1.6,2,251.9,250.3,252.8,36.2,136.01999999999998,46.78,0,14.400000000000034,453.4,0.19999999999999998,0.3,182.79999999999998,0.2297592985242927,43.969849246231156,-1,Fault,Inverter Fault
2026-04-01 17:53:43,Normal,439.9,270.3,0,0.3,0.1,0,31,3848,1.7,1.5,1.7,250.9,249.7,252.7,35.9,131.97,27.03,0,169.59999999999997,439.9,0.19999999999999998,0.3,159.0,0.1949685522329022,32.41321622751987,-1,Fault,String 2 Fault
2026-04-01 17:54:47,Normal,433.6,225.1,0,0.3,0.1,0,25,3848,1.4,1.7,1.6,251.4,249.6,252.6,35.9,130.08,22.51,0,208.50000000000003,433.6,0.19999999999999998,0.3,152.59,0.16383773403343774,26.139690506064408,-1,Fault,String 2 Fault
2026-04-01 17:55:48,Normal,465.7,261.5,0,0.3,0.1,0,27,3848,1.8,1.6,1.8,250.9,249.8,252.9,35.8,139.70999999999998,26.150000000000002,0,204.2,465.7,0.19999999999999998,0.3,165.85999999999999,0.16278789242259803,28.2190635451505,-1,Fault,String 2 Fault
2026-04-01 17:56:51,Normal,479.6,256.3,0,0.2,0.1,0,28,3848,1.7,1.7,1.7,250.8,249.7,252.9,35.8,95.92000000000002,25.630000000000003,0,223.3,479.6,0.1,0.2,121.55000000000001,0.23035787552153125,29.264214046822744,-1,Fault,String 2 Fault
2026-04-01 17:57:53,Normal,469.6,235.9,0,0.2,0.1,0,25,3848,1.8,1.7,1.7,251.3,249.8,253.1,35.7,93.92000000000002,23.590000000000003,0,233.70000000000002,469.6,0.1,0.2,117.51000000000002,0.21274784943623645,26.117843710823237,-1,Fault,String 2 Fault
2026-05-01 06:41:04,Normal,524.5,438.2,0,0.3,0.2,0,40,3848,1.7,1.3,1.5,246.1,244.9,248.1,19.9,157.35,87.64,0,86.30000000000001,524.5,0.09999999999999998,0.3,244.99,0.163271969618058,39.20031360250882,-1,Fault,String 2 Fault
2026-05-01 06:42:01,Normal,494.9,413.6,0,0.3,0.2,0,40,3848,1.8,1.6,1.6,246,244.8,248,20.0,148.47,82.72000000000001,0,81.29999999999995,494.9,0.09999999999999998,0.3,231.19,0.17301786334608824,39.21568627450981,-1,Fault,String 2 Fault
2026-05-01 06:43:04,Normal,479.3,382.8,0,0.3,0.2,0,37,3848,1.5,1.8,1.4,246.4,245.2,247.9,20.1,143.79,76.56,0,96.5,479.3,0.09999999999999998,0.3,220.35,0.16791468042698127,36.288740682620634,-1,Fault,String 2 Fault
2026-05-01 06:44:06,Normal,520.0,345.0,0,0.3,0.2,0,42,3848,1.6,1.5,1.5,245.9,244.9,248.2,20.3,156.0,69.0,0,175.0,520.0,0.09999999999999998,0.3,225.0,0.18666666583703703,41.22497055359246,-1,Fault,String 2 Fault
2026-05-01 06:45:09,Normal,530.3,288.5,0,0.3,0.2,0,42,3848,1.7,1.5,1.6,246,244.6,247.7,20.4,159.08999999999997,57.7,0,241.79999999999995,530.3,0.09999999999999998,0.3,216.78999999999996,0.1937358725322392,41.24116260801257,-1,Fault,String 2 Fault
2026-05-01 06:46:11,Normal,518.1,224.8,0,0.3,0.2,0,66,3848,1.8,1.4,1.7,246.3,245,246.1,20.6,155.43,44.96000000000001,0,293.3,518.1,0.09999999999999998,0.3,200.39000000000001,0.32935775073926965,64.85849056603773,-1,Fault,String 2 Fault
2026-05-01 06:53:31,Normal,555.9,414.9,0,0.5,0.3,0,169,3848,1.8,1.6,1.6,246.6,244.1,243.8,21.8,277.95,124.46999999999998,0,141.0,555.9,0.2,0.5,402.41999999999996,0.4199592455147378,166.86413902053712,-1,Fault,String 2 Fault
2026-05-01 06:54:33,Normal,590.3,388.8,0,0.6,0.3,0,205,3848,1.8,1.6,1.5,246,243.9,244.7,22.0,354.17999999999995,116.64,0,201.49999999999994,590.3,0.3,0.6,470.81999999999994,0.4354105593742608,202.5691699604743,-1,Fault,String 2 Fault
2026-05-01 06:55:36,Normal,598.2,338.5,0,0.6,0.4,0,196,3848,1.7,1.8,1.7,244.8,244.7,244.9,22.1,358.92,135.4,0,259.70000000000005,598.2,0.19999999999999996,0.6,494.32000000000005,0.3965042879177369,193.75247133254248,-1,Fault,String 2 Fault
2026-05-01 06:56:39,Normal,582.7,309.7,0,0.6,0.4,0,201,3848,1.7,1.6,1.6,244.3,244.5,245.8,22.3,349.62,123.88,0,273.00000000000006,582.7,0.19999999999999996,0.6,473.5,0.4244984151541744,198.8523941432529,-1,Fault,String 2 Fault
2026-05-01 06:57:42,Normal,588.8,285.5,0,0.6,0.4,0,231,3848,1.7,1.7,1.6,244.9,244.9,246.2,22.4,353.28,114.2,0,303.29999999999995,588.8,0.19999999999999996,0.6,467.47999999999996,0.4941387856290349,228.62232779097388,-1,Fault,String 2 Fault
2026-05-01 06:58:45,Normal,606.4,317.6,0,0.6,0.4,0,256,3848,1.6,1.5,1.5,244.7,244.1,245.9,22.6,363.84,127.04000000000002,0,288.79999999999995,606.4,0.19999999999999996,0.6,490.88,0.5215123848567625,253.56576862123612,-1,Fault,String 2 Fault
2026-05-01 06:59:47,Normal,591.8,360.0,0,0.8,0.5,0,317,3848,1.4,1.7,1.5,244.9,244.1,245.9,22.7,473.44,180.0,0,231.79999999999995,591.8,0.30000000000000004,0.8,653.44,0.4851248768285919,314.1101862861672,-1,Fault,String 2 Fault
2026-05-01 07:00:50,Normal,597.8,365.4,0,0.8,0.5,0,361,3848,1.6,1.6,1.6,245.8,244,245.5,22.8,478.24,182.7,0,232.39999999999998,597.8,0.30000000000000004,0.8,660.94,0.5461917866278455,357.85091197462333,-1,Fault,String 2 Fault
2026-05-01 07:01:53,Normal,600.3,358.7,0,0.8,0.5,0,354,3848,1.4,1.6,1.8,245.7,243.5,244.7,23.0,480.24,179.35,0,241.59999999999997,600.3,0.30000000000000004,0.8,659.59,0.5366970382560423,351.1904761904762,-1,Fault,String 2 Fault
2026-05-01 07:02:56,Normal,610.3,340.5,0,0.8,0.5,0,342,3848,1.4,1.7,1.6,244.6,243.8,244,23.1,488.24,170.25,0,269.79999999999995,610.3,0.30000000000000004,0.8,658.49,0.5193700731683547,339.4204049225883,-1,Fault,String 2 Fault
2026-05-01 07:03:59,Normal,607.3,308.6,0,0.8,0.5,0,364,3848.1,1.6,1.8,1.8,245.8,243.6,244.2,23.2,485.84,154.3,0,298.69999999999993,607.3,0.30000000000000004,0.8,640.14,0.5686256122588409,361.3979348689436,-1,Fault,String 2 Fault
2026-05-01 07:05:01,Normal,606.6,317.6,0,0.8,0.5,0,399,3848.1,1.5,1.4,1.5,244.9,242.2,243.3,23.3,485.28000000000003,158.8,0,289.0,606.6,0.30000000000000004,0.8,644.08,0.6194882613658423,396.3051251489869,-1,Fault,String 2 Fault
2026-05-01 07:06:04,Normal,609.1,423.7,0,0.9,0.5,0,457,3848.1,1.5,1.7,1.4,243.7,243.1,242.8,23.5,548.19,211.85,0,185.40000000000003,609.1,0.4,0.9,760.0400000000001,0.6012841421487235,454.27435387673955,-1,Fault,String 2 Fault
2026-05-01 12:38:52,Normal,625.1,595.1,0,14.1,6.0,0,11535,3900.2,16.1,16.2,16.5,247.4,249.9,247.7,41.5,8813.91,3570.6000000000004,0,30.0,625.1,8.1,14.1,12384.51,0.9314054410766832,12350.107066381157,-1,Fault,String 2 Fault
2026-05-01 17:34:16,Normal,543.8,411.0,0,0.5,0.3,0,147,3937.8,1.6,1.5,1.5,250.4,247.9,251.3,37.0,271.9,123.3,0,132.79999999999995,543.8,0.2,0.5,395.2,0.3719635618118331,154.41176470588235,-1,Fault,String 2 Fault
2026-05-01 17:40:32,Normal,507.3,505.3,0,0.4,0.2,0,69,3937.8,1.7,1.5,1.4,248.2,246.1,250.4,36.8,202.92000000000002,101.06,0,2.0,507.3,0.2,0.4,303.98,0.22698861692549305,72.41813602015114,-1,Fault,Inverter Fault
2026-05-01 17:41:34,Normal,492.2,500.9,0,0.3,0.2,0,64,3937.8,1.7,1.5,1.6,248.5,246.3,250.4,36.7,147.66,100.18,0,8.699999999999989,492.2,0.09999999999999998,0.3,247.84,0.2582311158076537,67.14225765841377,-1,Fault,Inverter Fault
2026-05-01 17:42:37,Normal,483.2,518.9,0,0.3,0.2,0,52,3937.8,1.7,1.8,1.3,247.7,245.7,250.1,36.7,144.95999999999998,103.78,0,35.69999999999999,483.2,0.09999999999999998,0.3,248.73999999999998,0.20905362945624498,54.55308434746119,-1,Fault,Inverter Fault
2026-05-01 17:46:47,Normal,484.9,476.9,0,0.3,0.2,0,43,3937.8,1.7,1.3,1.7,247.5,245.4,249.2,36.6,145.47,95.38,0,8.0,484.9,0.09999999999999998,0.3,240.85,0.1785343567426433,45.09228187919463,-1,Fault,Inverter Fault
2026-05-01 17:47:49,Normal,526.4,411.1,0,0.3,0.2,0,79,3937.8,1.6,1.7,1.5,247.6,245.3,249.8,36.5,157.92,82.22000000000001,0,115.29999999999995,526.4,0.09999999999999998,0.3,240.14,0.3289747633506506,82.80922431865828,-1,Fault,String 2 Fault
2026-05-01 17:48:52,Normal,488.3,338.1,0,0.3,0.2,0,34,3937.8,1.6,1.5,1.5,247.6,244.4,249.5,36.5,146.49,67.62,0,150.2,488.3,0.09999999999999998,0.3,214.11,0.15879687936669523,35.63941299790356,-1,Fault,String 2 Fault
2026-05-01 17:49:54,Normal,458.1,270.7,0,0.3,0.2,0,39,3937.8,1.5,1.4,1.7,246.6,244,248.9,36.4,137.43,54.14,0,187.40000000000003,458.1,0.09999999999999998,0.3,191.57,0.20358093540961042,40.86336965632858,-1,Fault,String 2 Fault
2026-05-01 17:50:57,Normal,405.8,208.0,0,0.3,0.2,0,23,3937.8,1.5,1.5,1.6,247.3,244.1,249.1,36.3,121.74,41.6,0,197.8,405.8,0.09999999999999998,0.3,163.34,0.1408105782979639,24.088814411395056,-1,Fault,String 2 Fault
2026-05-01 17:51:59,Normal,386.6,460.5,0,0.3,0.1,0,19,3937.8,1.8,1.8,1.6,247,243.8,249.1,36.3,115.98,46.050000000000004,0,73.89999999999998,386.6,0.19999999999999998,0.3,162.03,0.11726223466480137,19.89945538332635,-1,Fault,String 1 Fault
2026-05-01 17:53:02,Normal,407.2,452.8,0,0.3,0.1,0,25,3937.8,1.6,1.6,1.6,246.8,243.7,248.9,36.3,122.16,45.28,0,45.60000000000002,407.2,0.19999999999999998,0.3,167.44,0.14930721363290006,26.18349392542941,-1,Fault,Inverter Fault
2026-05-01 17:54:04,Normal,383.1,446.1,0,0.3,0.1,0,21,3937.8,1.6,1.7,1.5,246.6,243.1,248.8,36.3,114.93,44.61000000000001,0,63.0,383.1,0.19999999999999998,0.3,159.54000000000002,0.13162843091620638,21.994134897360706,-1,Fault,String 1 Fault
2026-05-01 17:55:07,Normal,421.3,433.1,0,0.2,0.1,0,15,3937.8,1.8,1.7,1.8,246.5,243.4,248.6,36.2,84.26,43.31,0,11.800000000000011,421.3,0.1,0.2,127.57000000000001,0.11758250280173628,15.7035175879397,-1,Fault,Inverter Fault
2026-05-01 17:56:09,Normal,455.0,420.1,0,0.2,0.1,0,23,3937.8,1.7,1.6,1.7,246.5,243.2,248.7,36.2,91.0,42.010000000000005,0,34.89999999999998,455.0,0.1,0.2,133.01,0.17291932807368374,24.078726968174205,-1,Fault,Inverter Fault
2026-05-01 17:57:12,Normal,455.1,433.1,0,0.2,0.1,0,13,3937.8,1.8,1.4,1.5,246.5,244.8,249,36.1,91.02000000000001,43.31,0,22.0,455.1,0.1,0.2,134.33,0.09677659423228917,13.604018417748012,-1,Fault,Inverter Fault
2026-05-01 17:58:14,Normal,278.7,335.3,0,0.2,0.1,0,19,3937.8,1.9,1.8,1.8,246.8,244.3,248.8,36.1,55.74,33.53,0,56.60000000000002,278.7,0.1,0.2,89.27000000000001,0.21283745700865397,19.882796149016325,-1,Fault,String 1 Fault
2026-06-01 06:41:35,Normal,533.5,488.4,0,0.3,0.2,0,27,3937.8,1.5,1.4,1.4,243.7,244.2,246.6,19.7,160.04999999999998,97.68,0,45.10000000000002,533.5,0.09999999999999998,0.3,257.73,0.104760795775576,26.43948296122209,-1,Fault,Inverter Fault
2026-06-01 06:42:38,Normal,486.2,413.1,0,0.3,0.2,0,38,3937.8,1.9,1.5,1.6,244.1,238.5,246.9,19.8,145.85999999999999,82.62,0,73.09999999999997,486.2,0.09999999999999998,0.3,228.48,0.1663165258827183,37.225705329153605,-1,Fault,String 2 Fault
2026-06-01 06:43:40,Normal,431.1,326.0,0,0.3,0.2,0,31,3937.8,1.4,1.5,1.6,243.8,242.9,246.4,20.0,129.33,65.2,0,105.10000000000002,431.1,0.09999999999999998,0.3,194.53000000000003,0.15935845288974215,30.392156862745097,-1,Fault,String 2 Fault
2026-06-01 06:44:43,Normal,374.6,308.3,0,0.3,0.2,0,34,3937.8,1.7,1.4,1.6,243.5,243.6,246.1,20.1,112.38000000000001,61.660000000000004,0,66.30000000000001,374.6,0.09999999999999998,0.3,174.04000000000002,0.19535738798346708,33.346410357002746,-1,Fault,String 2 Fault
2026-06-01 06:45:45,Normal,350.1,267.2,0,0.3,0.2,0,30,3937.8,1.7,1.6,1.6,244,244.1,246.6,20.2,105.03,53.44,0,82.90000000000003,350.1,0.09999999999999998,0.3,158.47,0.18931027835356676,29.434850863422287,-1,Fault,String 2 Fault
2026-06-01 06:46:48,Normal,384.4,244.1,0,0.3,0.2,0,34,3937.8,1.7,1.6,1.5,243.8,243.7,246.4,20.4,115.32,48.82,0,140.29999999999998,384.4,0.09999999999999998,0.3,164.14,0.20714024486937832,33.38570306362922,-1,Fault,String 2 Fault
2026-06-01 06:47:50,Normal,411.1,200.1,0,0.3,0.2,0,35,3937.8,1.7,1.7,1.5,243.3,243.5,246.2,20.6,123.33,40.02,0,211.00000000000003,411.1,0.09999999999999998,0.3,163.35,0.21426384931580136,34.39465408805031,-1,Fault,String 2 Fault
2026-06-01 06:48:53,Normal,384.0,549.5,0,0.4,0.2,0,40,3937.8,1.6,1.5,1.6,242.7,243.3,246,20.9,153.60000000000002,109.9,0,165.5,384.0,0.2,0.4,263.5,0.15180265597038842,39.354584809130266,-1,Fault,String 1 Fault
2026-06-01 06:49:55,Normal,347.6,549.7,0,0.3,0.2,0,49,3937.8,1.5,1.3,1.4,242.2,242.2,245.6,21.1,104.28,109.94000000000001,0,202.10000000000002,347.6,0.09999999999999998,0.3,214.22000000000003,0.22873681155477166,48.247341473020875,-1,Fault,String 1 Fault
2026-06-01 06:50:58,Normal,308.7,509.5,0,0.4,0.2,0,51,3937.8,1.8,1.8,1.4,242.3,242.4,246.1,21.2,123.48,101.9,0,200.8,308.7,0.2,0.4,225.38,0.22628449628944675,50.236406619385335,-1,Fault,String 1 Fault
2026-06-01 06:52:00,Normal,320.6,519.5,0,0.4,0.2,0,60,3937.8,1.6,1.3,1.5,242.8,242.2,245.6,21.4,128.24,103.9,0,198.89999999999998,320.6,0.2,0.4,232.14000000000001,0.25846471845237906,59.14826498422713,-1,Fault,String 1 Fault
2026-06-01 06:53:03,Normal,343.7,498.2,0,0.4,0.3,0,57,3937.8,1.5,1.7,1.5,242.8,242.4,247.2,21.6,137.48,149.45999999999998,0,154.5,343.7,0.10000000000000003,0.4,286.93999999999994,0.19864780024169587,56.23520126282557,-1,Fault,String 1 Fault
2026-06-01 10:43:45,Normal,661.1,632.1,0,14.6,7.6,0,13999,3966.7,19,19,19.1,244.6,248.6,246.5,33.2,9652.06,4803.96,0,29.0,661.1,7.0,14.6,14456.02,0.9683854891617204,14473.738626964434,-1,Fault,String 2 Fault
2026-06-01 17:44:56,Normal,509.5,506.3,0,0.4,0.2,0,70,4053.2,1.6,1.6,1.5,247.1,246.5,249.8,37.4,203.8,101.26,0,3.1999999999999886,509.5,0.2,0.4,305.06,0.22946305569572198,73.65319865319866,-1,Fault,Inverter Fault
2026-06-01 17:48:04,Normal,511.6,491.3,0,0.3,0.2,0,50,4053.2,1.7,1.8,1.9,246.9,247.1,249.3,37.2,153.48,98.26,0,20.30000000000001,511.6,0.09999999999999998,0.3,251.74,0.19861762056638746,52.56518082422203,-1,Fault,Inverter Fault
2026-06-01 17:49:06,Normal,515.8,424.3,0,0.3,0.2,0,44,4053.2,1.8,1.5,1.4,246.6,246.8,249.5,37.2,154.73999999999998,84.86000000000001,0,91.49999999999994,515.8,0.09999999999999998,0.3,239.6,0.183639398231889,46.25735912531539,-1,Fault,String 2 Fault
2026-06-01 17:50:09,Normal,482.1,357.3,0,0.3,0.2,0,33,4053.2,1.6,1.8,1.7,246.5,246.8,250.2,37.1,144.63,71.46000000000001,0,124.80000000000001,482.1,0.09999999999999998,0.3,216.09,0.15271414617652762,34.67843631778058,-1,Fault,String 2 Fault
2026-06-01 17:51:11,Normal,479.2,295.3,0,0.3,0.2,0,47,4053.2,1.6,1.5,1.3,246.8,246.6,249.6,37.0,143.76,59.06,0,183.89999999999998,479.2,0.09999999999999998,0.3,202.82,0.23173256960983843,49.36974789915966,-1,Fault,String 2 Fault
2026-06-01 17:52:13,Normal,495.4,228.6,0,0.3,0.2,0,34,4053.2,1.6,1.6,1.3,246.6,246.4,249.6,36.9,148.61999999999998,45.72,0,266.79999999999995,495.4,0.09999999999999998,0.3,194.33999999999997,0.17495111569954147,35.699286014279714,-1,Fault,String 2 Fault
2026-06-01 17:53:16,Normal,470.7,240.0,0,0.3,0.2,0,40,4053.2,1.4,1.5,1.7,245.7,244.8,248.8,36.9,141.20999999999998,48.0,0,230.7,470.7,0.09999999999999998,0.3,189.20999999999998,0.21140531572641344,41.999160016799664,-1,Fault,String 2 Fault
2026-06-01 17:54:18,Normal,439.6,457.5,0,0.3,0.1,0,35,4053.2,1.8,1.7,1.7,246,245.6,249.7,36.9,131.88,45.75,0,17.899999999999977,439.6,0.19999999999999998,0.3,177.63,0.1970387873836695,36.7492650146997,-1,Fault,Inverter Fault
2026-06-01 17:55:21,Normal,395.1,385.6,0,0.3,0.1,0,19,4053.2,1.7,1.4,1.5,245.7,245.1,249.8,36.8,118.53,38.56,0,9.5,395.1,0.19999999999999998,0.3,157.09,0.12094977324495657,19.941225860621326,-1,Fault,Inverter Fault
2026-06-01 17:56:23,Normal,390.6,321.1,0,0.3,0.1,0,17,4053.2,1.7,1.6,1.6,245.5,244.7,248.8,36.7,117.18,32.11000000000001,0,69.5,390.6,0.19999999999999998,0.3,149.29000000000002,0.11387232826128789,17.834662190516156,-1,Fault,String 2 Fault
2026-06-01 17:57:26,Normal,388.8,252.1,0,0.3,0.1,0,28,4053.2,1.6,1.5,1.9,246.5,245.3,249.2,36.6,116.64,25.21,0,136.70000000000002,388.8,0.19999999999999998,0.3,141.85,0.1973916094649869,29.36241610738255,-1,Fault,String 2 Fault
2026-06-01 17:58:28,Normal,418.9,230.1,0,0.3,0.1,0,26,4053.2,1.7,1.7,1.7,246.9,244.8,249.8,36.6,125.66999999999999,23.01,0,188.79999999999998,418.9,0.19999999999999998,0.3,148.67999999999998,0.1748722075943489,27.26510067114094,-1,Fault,String 2 Fault
2026-06-01 17:59:30,Normal,445.7,241.9,0,0.3,0.1,0,30,4053.2,1.8,1.7,1.7,247.3,244.8,250,36.5,133.70999999999998,24.19,0,203.79999999999998,445.7,0.19999999999999998,0.3,157.89999999999998,0.18999366567451767,31.446540880503147,-1,Fault,String 2 Fault
2026-06-01 18:00:33,Normal,455.2,260.8,0,0.2,0.1,0,33,4053.2,1.6,1.5,1.4,249,244.8,248.8,36.5,91.04,26.080000000000002,0,194.39999999999998,455.2,0.1,0.2,117.12,0.28176229267620995,34.59119496855346,-1,Fault,String 2 Fault
2026-06-01 18:01:36,Normal,472.6,243.1,0,0.2,0.1,0,34,4053.2,1.7,1.6,1.6,248.9,245.8,248.8,36.5,94.52000000000001,24.310000000000002,0,229.50000000000003,472.6,0.1,0.2,118.83000000000001,0.28612303049631377,35.63941299790356,-1,Fault,String 2 Fault
2026-06-01 18:02:38,Normal,356.8,243.0,0,0.2,0.1,0,16,4053.2,1.7,1.3,1.6,248.1,245.8,248.1,36.4,71.36,24.3,0,113.80000000000001,356.8,0.1,0.2,95.66,0.16725904069350783,16.764459346186086,-1,Fault,String 2 Fault
2026-08-01 06:37:07,Normal,517.6,516.8,0,0.3,0.2,0,36,4173.6,1.7,1.7,1.6,246,246.1,246.2,17.0,155.28,103.36,0,0.8000000000000682,517.6,0.09999999999999998,0.3,258.64,0.13918960663783791,34.883720930232556,-1,Fault,Inverter Fault
2026-08-01 06:38:09,Normal,477.3,460.6,0,0.3,0.2,0,37,4173.6,1.6,1.6,1.7,245.8,246.2,246,17.1,143.19,92.12,0,16.69999999999999,477.3,0.09999999999999998,0.3,235.31,0.15723938567319967,35.866614967041485,-1,Fault,Inverter Fault
2026-08-01 06:39:12,Normal,409.0,409.5,0,0.3,0.2,0,41,4173.6,1.7,1.7,1.6,246,246.7,246,17.4,122.69999999999999,81.9,0,0.5,409.0,0.09999999999999998,0.3,204.6,0.20039100586319158,39.79037267080746,-1,Fault,Inverter Fault
2026-08-01 06:40:14,Normal,370.6,381.3,0,0.3,0.2,0,34,4173.6,1.6,1.4,1.7,245.7,246.3,246.4,17.6,111.18,76.26,0,10.699999999999989,370.6,0.09999999999999998,0.3,187.44,0.1813913776067468,33.02253302253302,-1,Fault,Inverter Fault
2026-08-01 06:41:21,Normal,319.8,361.4,0,0.3,0.2,0,27,4173.6,1.7,1.3,1.6,245.5,246.3,246.1,17.8,95.94,72.28,0,41.599999999999966,319.8,0.09999999999999998,0.3,168.22,0.16050410081735764,26.24416796267496,-1,Fault,Inverter Fault
2026-08-01 06:42:19,Normal,257.5,327.5,0,0.3,0.2,0,27,4173.6,1.6,1.5,1.6,245.6,246.2,246,18.1,77.25,65.5,0,70.0,257.5,0.09999999999999998,0.3,142.75,0.1891418550673075,26.274815103152974,-1,Fault,String 1 Fault
2026-08-01 06:45:27,Normal,530.2,531.3,0,0.3,0.2,0,67,4173.6,1.6,1.5,1.4,243.9,246.9,245.1,19.1,159.06,106.25999999999999,0,1.099999999999909,530.2,0.09999999999999998,0.3,265.32,0.2525252515734764,65.45525595935912,-1,Fault,Inverter Fault
2026-08-01 06:46:30,Normal,525.7,528.5,0,0.3,0.2,0,54,4173.6,1.5,1.6,1.2,243.7,246.7,245.1,19.2,157.71,105.7,0,2.7999999999999545,525.7,0.09999999999999998,0.3,263.41,0.20500360576666182,52.77560594214229,-1,Fault,Inverter Fault
2026-08-01 06:49:37,Normal,513.0,496.0,0,0.4,0.3,0,83,4173.6,1.8,1.5,1.6,244.4,245.1,244.9,19.7,205.20000000000002,148.79999999999998,0,17.0,513.0,0.10000000000000003,0.4,354.0,0.23446327617383256,81.27692910301604,-1,Fault,Inverter Fault
2026-08-01 12:18:23,Normal,647.8,631.7,0,22.5,11.8,0,21728,4234.6,29.1,29.2,29.2,249.5,247.9,248.1,37.6,14575.499999999998,7454.060000000001,0,16.09999999999991,647.8,10.7,22.5,22029.559999999998,0.9863111201046998,22881.21314237574,-1,Fault,String 2 Fault
2026-08-01 17:47:55,Normal,458.4,340.3,0,0.3,0.2,0,43,4297,1.8,1.3,1.6,246,248.9,250.8,34.8,137.51999999999998,68.06,0,118.09999999999997,458.4,0.09999999999999998,0.3,205.57999999999998,0.20916431457746712,44.75437135720233,-1,Fault,String 2 Fault
2026-08-01 17:50:00,Normal,357.3,220.1,0,0.3,0.2,0,33,4297,1.7,1.7,1.6,246.2,248.4,250.7,34.7,107.19,44.02,0,137.20000000000002,357.3,0.09999999999999998,0.3,151.21,0.21823953297903886,34.33208489388265,-1,Fault,String 2 Fault
2026-08-01 17:51:02,Normal,310.7,487.5,0,0.3,0.2,0,24,4297,1.5,1.4,1.7,246.3,248,250.4,34.7,93.21,97.5,0,176.8,310.7,0.09999999999999998,0.3,190.70999999999998,0.12584552395865176,24.968789013732835,-1,Fault,String 1 Fault
2026-08-01 17:52:05,Normal,269.2,413.0,0,0.3,0.1,0,28,4297,1.9,1.6,1.8,246.5,248.3,250.8,34.6,80.75999999999999,41.300000000000004,0,143.8,269.2,0.19999999999999998,0.3,122.06,0.2293953774422794,29.118136439267886,-1,Fault,String 1 Fault
2026-08-01 17:54:10,Normal,268.9,284.2,0,0.3,0.1,0,20,4297,1.9,1.7,1.8,246.3,248.2,250.5,34.5,80.66999999999999,28.42,0,15.300000000000011,268.9,0.19999999999999998,0.3,109.08999999999999,0.18333485944325917,20.79002079002079,-1,Fault,Inverter Fault
2026-09-01 06:39:46,Normal,500.4,489.0,0,0.3,0.2,0,33,4297,1.5,1.6,1.7,247.2,243.8,248.2,17.5,150.11999999999998,97.80000000000001,0,11.399999999999977,500.4,0.09999999999999998,0.3,247.92,0.1331074534805282,32.03883495145631,-1,Fault,Inverter Fault
2026-09-01 06:40:47,Normal,529.0,500.1,0,0.3,0.2,0,48,4297,1.8,1.5,1.7,247.1,243.1,248,17.8,158.7,100.02000000000001,0,28.899999999999977,529.0,0.09999999999999998,0.3,258.72,0.18552875624022588,46.65629860031105,-1,Fault,Inverter Fault
2026-09-01 06:41:50,Normal,523.0,533.1,0,0.3,0.2,0,62,4297,1.3,1.1,1.4,247.6,243.2,244.7,18.0,156.9,106.62,0,10.100000000000023,523.0,0.09999999999999998,0.3,263.52,0.23527625897360255,60.311284046692606,-1,Fault,Inverter Fault
2026-09-01 06:45:01,Normal,481.5,508.9,0,0.4,0.3,0,78,4297,1.7,1.5,1.5,247.7,245.8,245.1,18.7,192.60000000000002,152.67,0,27.399999999999977,481.5,0.10000000000000003,0.4,345.27,0.22591015661392488,76.0827155676941,-1,Fault,Inverter Fault
2026-09-01 06:50:11,Normal,578.3,412.5,0,0.5,0.3,0,149,4297.1,1.6,1.5,1.6,246.9,244,244.2,19.7,289.15,123.75,0,165.79999999999995,578.3,0.2,0.5,412.9,0.36086219336192255,145.90677634155892,-1,Fault,String 2 Fault
2026-09-01 06:51:14,Normal,587.6,408.0,0,0.5,0.3,0,176,4297.1,1.7,1.6,1.6,247.2,244.8,244.4,19.8,293.8,122.39999999999999,0,179.60000000000002,587.6,0.2,0.5,416.2,0.4228736174366324,172.41379310344828,-1,Fault,String 2 Fault
2026-09-01 06:52:17,Normal,582.3,418.5,0,0.5,0.3,0,207,4297.1,1.9,1.6,1.5,247.2,244.7,244.4,20.0,291.15,125.55,0,163.79999999999995,582.3,0.2,0.5,416.7,0.4967602579871364,202.94117647058823,-1,Fault,String 2 Fault
2026-09-01 06:53:19,Normal,595.2,386.5,0,0.6,0.3,0,198,4297.1,1.5,1.6,1.7,246.8,245.1,244.4,20.2,357.12,115.94999999999999,0,208.70000000000005,595.2,0.3,0.6,473.07,0.41854270949639016,194.27001569858712,-1,Fault,String 2 Fault
2026-09-01 06:54:22,Normal,596.5,328.3,0,0.6,0.4,0,208,4297.1,1.6,1.6,1.7,247,245.2,243.8,20.3,357.9,131.32000000000002,0,268.2,596.5,0.19999999999999996,0.6,489.22,0.4251665908483574,204.16175893207696,-1,Fault,String 2 Fault
2026-09-01 06:55:25,Normal,610.3,339.3,0,0.6,0.4,0,244,4297.1,1.7,1.4,1.5,246.8,245.1,243.6,20.4,366.17999999999995,135.72,0,270.99999999999994,610.3,0.19999999999999996,0.6,501.9,0.486152619075209,239.59151610369207,-1,Fault,String 2 Fault
2026-09-01 06:56:28,Normal,610.2,331.5,0,0.6,0.4,0,260,4297.1,1.6,1.4,1.6,247,244.5,243.3,20.6,366.12,132.6,0,278.70000000000005,610.2,0.19999999999999996,0.6,498.72,0.5213346155731982,255.50314465408803,-1,Fault,String 2 Fault
2026-09-01 06:57:30,Normal,623.1,336.4,0,0.7,0.5,0,308,4297.1,1.7,1.6,1.4,246.6,245,243.4,20.7,436.17,168.2,0,286.70000000000005,623.1,0.19999999999999996,0.7,604.37,0.5096215885804696,302.7919779787652,-1,Fault,String 2 Fault
2026-09-01 06:58:33,Normal,613.5,388.3,0,0.8,0.5,0,367,4297.1,1.4,1.5,1.8,244.4,245.6,243.9,20.9,490.8,194.15,0,225.2,613.5,0.30000000000000004,0.8,684.95,0.5358055324683473,361.07831562377015,-1,Fault,String 2 Fault
2026-09-01 06:59:36,Normal,617.6,403.3,0,0.8,0.5,0,426,4297.1,1.5,1.6,1.6,244.1,245.6,243.8,21.0,494.08000000000004,201.65,0,214.3,617.6,0.30000000000000004,0.8,695.73,0.6123064973304205,419.29133858267716,-1,Fault,String 2 Fault
2026-09-01 07:00:41,Normal,624.3,461.4,0,0.9,0.5,0,491,4297.1,1.6,1.5,1.4,244.8,244.7,244.1,21.1,561.87,230.7,0,162.89999999999998,624.3,0.4,0.9,792.5699999999999,0.6195036392753906,483.4580543521071,-1,Fault,String 2 Fault
2026-09-01 07:01:41,Normal,622.3,445.7,0,0.9,0.5,0,537,4297.1,1.7,1.4,1.6,245.5,243.9,244.6,21.3,560.0699999999999,222.85,0,176.59999999999997,622.3,0.4,0.9,782.92,0.6858938324657771,529.1683090264091,-1,Fault,String 2 Fault
2026-09-01 07:02:44,Normal,637.0,513.3,0,1.0,0.6,0,612,4297.1,1.4,1.4,1.3,244.8,244.8,244.1,21.4,637.0,307.97999999999996,0,123.70000000000005,637.0,0.4,1.0,944.98,0.6476327534470224,603.3123028391167,-1,Fault,String 2 Fault
2026-09-01 11:50:15,Normal,643.0,622.5,0,19.0,9.9,0,17921,4352.4,24.6,24.5,24.7,243.6,246.9,246.1,37.5,12217.0,6162.75,0,20.5,643.0,9.1,19.0,18379.75,0.9750404656768976,18864.21052631579,-1,Fault,String 2 Fault
2026-09-01 12:27:31,Normal,645.2,627.3,0,21.5,11.3,0,20592,4364.9,27.8,27.8,28.1,245.6,248.5,247.4,40.1,13871.800000000001,7088.49,0,17.90000000000009,645.2,10.2,21.5,20960.29,0.9824291552749304,21915.70881226054,-1,Fault,String 2 Fault
2026-09-01 12:30:43,Normal,650.3,590.4,0,19.3,10.7,0,18446,4365.9,25.1,25.2,25.2,245.1,247.9,247.2,40.0,12550.789999999999,6317.28,0,59.89999999999998,650.3,8.600000000000001,19.3,18868.07,0.9776304624173203,19623.40425531915,-1,Fault,String 2 Fault
2026-09-01 12:39:14,Normal,650.1,647.0,0,22.1,11.6,0,21169,4368.2,29,29,29.3,246.7,250.7,248,39.4,14367.210000000001,7505.2,0,3.1000000000000227,650.1,10.500000000000002,22.1,21872.41,0.9678403065337637,22462.86078098472,-1,Fault,String 2 Fault
2026-09-01 13:40:59,Normal,650.0,634.6,0,20.8,11.1,0,20064,4381.9,26.6,26.7,26.8,250.1,252.7,254.8,37.4,13520.0,7044.06,0,15.399999999999977,650.0,9.700000000000001,20.8,20564.06,0.975682817450655,21111.11111111111,-1,Fault,String 2 Fault
2026-09-01 14:01:13,Normal,658.1,631.2,0,17.3,9.3,0,16820,4386.7,22.5,22.5,22.8,249.6,253.5,255.2,38.0,11385.130000000001,5870.160000000001,0,26.899999999999977,658.1,8.0,17.3,17255.29,0.9747735331614378,17742.616033755276,-1,Fault,String 2 Fault
2026-09-01 17:42:54,Normal,528.0,497.5,0,0.3,0.2,0,56,4407,1.7,1.6,1.8,249.9,246.1,247.5,35.6,158.4,99.5,0,30.5,528.0,0.09999999999999998,0.3,257.9,0.21713842490446522,58.47953216374269,-1,Fault,Inverter Fault
2026-09-01 17:43:56,Normal,490.5,432.6,0,0.3,0.2,0,47,4407,1.8,1.8,1.7,249.7,246.9,247.7,35.5,147.15,86.52000000000001,0,57.89999999999998,490.5,0.09999999999999998,0.3,233.67000000000002,0.20113835665195207,49.06054279749478,-1,Fault,String 2 Fault
2026-09-01 17:44:58,Normal,462.9,361.1,0,0.3,0.2,0,38,4407,1.7,1.5,1.4,249.2,246.9,248,35.4,138.86999999999998,72.22000000000001,0,101.79999999999995,462.9,0.09999999999999998,0.3,211.08999999999997,0.1800180009473779,39.64941569282137,-1,Fault,String 2 Fault
2026-09-01 17:46:01,Normal,400.4,292.5,0,0.3,0.2,0,33,4407,1.8,1.8,1.5,248.7,247.2,247.8,35.3,120.11999999999999,58.5,0,107.89999999999998,400.4,0.09999999999999998,0.3,178.62,0.1847497470342081,34.4180225281602,-1,Fault,String 2 Fault
2026-09-01 17:47:04,Normal,370.7,227.9,0,0.3,0.1,0,39,4407,1.8,1.5,1.5,250.2,246.1,247.9,35.3,111.21,22.790000000000003,0,142.79999999999998,370.7,0.19999999999999998,0.3,134.0,0.29104477394742706,40.67584480600751,-1,Fault,String 2 Fault
2026-09-01 17:48:06,Normal,403.3,468.4,0,0.3,0.1,0,34,4407,1.6,1.7,1.5,249.1,244.9,247.7,35.3,120.99,46.84,0,65.09999999999997,403.3,0.19999999999999998,0.3,167.82999999999998,0.20258594886143153,35.46099290780142,-1,Fault,String 1 Fault
2026-09-01 17:49:08,Normal,391.0,391.0,0,0.3,0.1,0,32,4407,1.7,1.6,1.5,249.4,244.5,247.7,35.2,117.3,39.1,0,0.0,391.0,0.19999999999999998,0.3,156.4,0.20460357925445283,33.36113427856547,-1,Fault,Inverter Fault
2026-09-01 17:50:11,Normal,395.3,322.0,0,0.3,0.2,0,35,4407,1.8,1.5,1.7,250.3,244.8,247.4,35.2,118.59,64.4,0,73.30000000000001,395.3,0.09999999999999998,0.3,182.99,0.19126728131992304,36.48874061718099,-1,Fault,String 2 Fault
2026-09-01 17:51:13,Normal,383.6,259.2,0,0.3,0.2,0,33,4407,1.8,1.5,1.7,250.2,244.4,246.9,35.1,115.08,51.84,0,124.40000000000003,383.6,0.09999999999999998,0.3,166.92000000000002,0.1976994955805206,34.389328887036264,-1,Fault,String 2 Fault
2026-09-01 17:52:16,Normal,337.4,554.6,0,0.3,0.1,0,33,4407,1.9,1.6,1.8,249.6,244.4,247,35.1,101.21999999999998,55.46000000000001,0,217.20000000000005,337.4,0.19999999999999998,0.3,156.68,0.21062037138996442,34.389328887036264,-1,Fault,String 1 Fault
2026-09-01 17:53:18,Normal,316.4,205.2,0,0.3,0.2,0,27,4407,1.3,1.5,1.6,249.9,244.6,247.3,35.1,94.91999999999999,41.04,0,111.19999999999999,316.4,0.09999999999999998,0.3,135.95999999999998,0.19858781848640913,28.136723634847854,-1,Fault,String 2 Fault
2026-09-01 17:55:23,Normal,322.5,500.2,0,0.3,0.2,0,42,4407,1.6,1.7,1.7,250.1,244.7,247,35.1,96.75,100.04,0,177.7,322.5,0.09999999999999998,0.3,196.79000000000002,0.21342547785240368,43.76823676531888,-1,Fault,String 1 Fault
2026-09-01 17:56:26,Normal,356.5,433.0,0,0.3,0.2,0,38,4407,1.7,1.7,1.7,250.7,245,247.6,35.1,106.95,86.60000000000001,0,76.5,356.5,0.09999999999999998,0.3,193.55,0.1963316962214844,39.59983326385994,-1,Fault,String 1 Fault
2026-10-01 06:46:09,Normal,505.9,497.3,0,0.3,0.2,0,37,4407,1.6,1.7,1.4,246.7,247.6,251.2,20.1,151.76999999999998,99.46000000000001,0,8.599999999999966,505.9,0.09999999999999998,0.3,251.23,0.14727540442114634,36.288740682620634,-1,Fault,Inverter Fault
2026-10-01 06:47:12,Normal,489.5,460.8,0,0.3,0.2,0,27,4407,1.6,1.8,1.8,246.2,246.9,250.4,20.2,146.85,92.16000000000001,0,28.69999999999999,489.5,0.09999999999999998,0.3,239.01,0.11296598421419195,26.49136577708006,-1,Fault,Inverter Fault
2026-10-01 06:50:19,Normal,453.1,427.0,0,0.3,0.2,0,49,4407,1.5,1.7,1.5,246.3,247.3,250.8,20.6,135.93,85.4,0,26.100000000000023,453.1,0.09999999999999998,0.3,221.33,0.22138887533823307,48.15251572327044,-1,Fault,Inverter Fault
2026-10-01 06:51:22,Normal,475.0,357.1,0,0.3,0.3,0,61,4407,1.4,1.5,1.5,246.3,247.4,250.8,20.8,142.5,107.13000000000001,0,117.89999999999998,475.0,0.0,0.3,249.63,0.24436165427087428,59.99213217938632,-1,Fault,String 2 Fault
2026-10-01 06:52:24,Normal,463.8,297.2,0,0.4,0.3,0,44,4407,1.6,1.5,1.4,246.3,246.1,249.2,20.9,185.52,89.16,0,166.60000000000002,463.8,0.10000000000000003,0.4,274.68,0.16018639813533422,43.29004329004329,-1,Fault,String 2 Fault
2026-10-01 06:53:27,Normal,460.9,232.9,0,0.4,0.3,0,69,4407,1.7,1.6,1.5,246.5,247,250,21.1,184.36,69.87,0,227.99999999999997,460.9,0.10000000000000003,0.4,254.23000000000002,0.27140777928880233,67.94013391098858,-1,Fault,String 2 Fault
2026-10-01 07:01:48,Normal,585.8,397.6,0,0.5,0.3,0,155,4407,1.6,1.8,1.6,244.6,247.1,248.8,22.4,292.9,119.28,0,188.19999999999993,585.8,0.2,0.5,412.17999999999995,0.3760492979376746,153.40459224069676,-1,Fault,String 2 Fault
2026-10-01 07:02:50,Normal,589.4,409.3,0,0.5,0.3,0,163,4407,1.8,1.7,1.7,244.7,247.5,249.1,22.6,294.7,122.78999999999999,0,180.09999999999997,589.4,0.2,0.5,417.49,0.39042851232262205,161.45007923930268,-1,Fault,String 2 Fault
2026-10-01 07:03:53,Normal,595.9,371.4,0,0.5,0.3,0,180,4407,1.9,1.6,1.7,244.6,246.7,249,22.7,297.95,111.41999999999999,0,224.5,595.9,0.2,0.5,409.37,0.43970002579646766,178.359096313912,-1,Fault,String 2 Fault
2026-10-01 07:04:56,Normal,596.6,320.8,0,0.6,0.4,0,183,4407,1.6,1.6,1.5,244,246.5,249.9,22.8,357.96,128.32000000000002,0,275.8,596.6,0.19999999999999996,0.6,486.28,0.37632639554099206,181.40364789849326,-1,Fault,String 2 Fault
2026-10-01 07:05:59,Normal,599.0,261.8,0,0.6,0.4,0,184,4407.1,1.7,1.9,1.6,244.6,247.1,246.5,22.9,359.4,104.72000000000001,0,337.2,599.0,0.19999999999999996,0.6,464.12,0.39644919331972506,182.46727489091631,-1,Fault,String 2 Fault
2026-10-01 07:07:03,Normal,597.6,243.0,0,0.6,0.4,0,197,4407.1,1.7,1.9,1.7,244.9,246.8,246.3,23.0,358.56,97.2,0,354.6,597.6,0.19999999999999996,0.6,455.76,0.43224504030137567,195.43650793650792,-1,Fault,String 2 Fault
2026-10-01 07:08:05,Normal,603.4,261.7,0,0.6,0.4,0,201,4407.1,1.4,1.7,1.5,244.6,246,245.9,23.1,362.03999999999996,104.68,0,341.7,603.4,0.19999999999999996,0.6,466.71999999999997,0.4306650659267547,199.48392219134575,-1,Fault,String 2 Fault
2026-10-01 07:09:08,Normal,603.7,254.6,0,0.6,0.4,0,211,4407.1,1.8,1.6,1.4,244.8,246.6,246.1,23.3,362.22,101.84,0,349.1,603.7,0.19999999999999996,0.6,464.06000000000006,0.4546825831688088,209.57489074294796,-1,Fault,String 2 Fault
2026-10-01 07:10:10,Normal,603.1,238.8,0,0.6,0.4,0,216,4407.1,1.6,1.4,1.5,244.1,246.2,245,23.4,361.86,95.52000000000001,0,364.3,603.1,0.19999999999999996,0.6,457.38,0.47225501667704095,214.62639109697935,-1,Fault,String 2 Fault
2026-10-01 17:23:14,Normal,568.8,420.8,0,0.5,0.3,0,132,4459.2,1.6,1.5,1.6,249,249.6,249.1,34.7,284.4,126.24,0,147.99999999999994,568.8,0.2,0.5,410.64,0.3214494439863398,137.3283395755306,-1,Fault,String 2 Fault
2026-10-01 17:31:36,Normal,501.8,520.3,0,0.4,0.2,0,50,4459.2,1.5,1.8,1.4,248.6,248.9,248.4,34.4,200.72000000000003,104.06,0,18.499999999999943,501.8,0.2,0.4,304.78000000000003,0.16405275882914638,51.95344970906068,-1,Fault,Inverter Fault
2026-10-01 17:36:48,Normal,431.4,306.0,0,0.3,0.2,0,47,4459.2,1.8,1.6,1.7,248.7,249.1,247.7,34.2,129.42,61.2,0,125.39999999999998,431.4,0.09999999999999998,0.3,190.62,0.24656384300407175,48.79568106312293,-1,Fault,String 2 Fault
2026-10-01 17:37:50,Normal,385.3,254.0,0,0.3,0.2,0,41,4459.2,1.9,1.9,1.7,248.3,249,247.3,34.1,115.59,50.800000000000004,0,131.3,385.3,0.09999999999999998,0.3,166.39000000000001,0.24640903752383533,42.548775425487754,-1,Fault,String 2 Fault
2026-10-01 17:38:53,Normal,349.5,528.3,0,0.3,0.1,0,44,4459.2,1.6,1.6,1.7,248.4,249.1,247.8,34.1,104.85,52.83,0,178.79999999999995,349.5,0.19999999999999998,0.3,157.68,0.2790461676874292,45.662100456621005,-1,Fault,String 1 Fault
2026-10-01 17:39:55,Normal,327.5,460.6,0,0.3,0.2,0,42,4459.2,1.7,1.6,1.5,248.6,249,247.4,34.1,98.25,92.12,0,133.10000000000002,327.5,0.09999999999999998,0.3,190.37,0.22062299616208964,43.586550435865504,-1,Fault,String 1 Fault
2026-10-01 17:45:09,Normal,445.7,462.7,0,0.3,0.1,0,41,4459.2,1.9,1.4,1.6,248.4,248.8,247.1,34.0,133.70999999999998,46.27,0,17.0,445.7,0.19999999999999998,0.3,179.98,0.22780308796642357,42.531120331950206,-1,Fault,Inverter Fault
2026-10-01 17:48:16,Normal,446.5,356.6,0,0.3,0.1,0,26,4459.2,1.8,1.7,1.5,248.1,249.4,247,33.9,133.95,35.660000000000004,0,89.89999999999998,446.5,0.19999999999999998,0.3,169.60999999999999,0.15329284739524293,26.959767731231853,-1,Fault,String 2 Fault
2026-10-01 17:49:18,Normal,476.4,324.8,0,0.3,0.1,0,32,4459.2,1.7,1.6,1.5,248.5,249.1,246.7,33.8,142.92,32.480000000000004,0,151.59999999999997,476.4,0.19999999999999998,0.3,175.39999999999998,0.18244013578996504,33.16749585406302,-1,Fault,String 2 Fault
2026-10-01 17:50:21,Normal,470.6,310.3,0,0.2,0.1,0,28,4459.2,1.9,1.7,1.6,248,248.9,247.7,33.8,94.12,31.03,0,160.3,470.6,0.1,0.2,125.15,0.223731520385685,29.021558872305143,-1,Fault,String 2 Fault
2026-10-01 17:51:23,Normal,476.8,320.1,0,0.2,0.1,0,34,4459.2,1.7,1.7,1.5,248.1,248.9,248.1,33.8,95.36000000000001,32.010000000000005,0,156.7,476.8,0.1,0.2,127.37000000000002,0.2669388375053871,35.240464344941955,-1,Fault,String 2 Fault
2026-10-01 17:52:26,Normal,468.3,314.1,0,0.2,0.1,0,26,4459.2,1.7,1.5,1.4,248,248.7,248.1,33.8,93.66000000000001,31.410000000000004,0,154.2,468.3,0.1,0.2,125.07000000000002,0.2078835835301544,26.948590381426204,-1,Fault,String 2 Fault
2026-10-01 17:53:28,Normal,470.5,341.6,0,0.2,0.1,0,28,4459.2,1.8,1.9,1.6,248.1,248.2,248.2,33.7,94.10000000000001,34.160000000000004,0,128.89999999999998,470.5,0.1,0.2,128.26000000000002,0.21830656308820703,29.009531703273936,-1,Fault,String 2 Fault
2026-11-01 06:44:22,Normal,499.6,333.7,0,0.3,0.2,0,40,4459.2,1.7,1.6,1.6,249.2,250.9,253.7,20.8,149.88,66.74,0,165.90000000000003,499.6,0.09999999999999998,0.3,216.62,0.18465515564280696,39.339103068450044,-1,Fault,String 2 Fault
2026-11-01 06:45:25,Normal,445.5,304.5,0,0.3,0.2,0,28,4459.2,1.8,1.6,1.7,249.2,251.1,253.6,20.9,133.65,60.900000000000006,0,141.0,445.5,0.09999999999999998,0.3,194.55,0.14392187024455477,27.548209366391184,-1,Fault,String 2 Fault
2026-11-01 06:46:27,Normal,387.5,272.7,0,0.3,0.2,0,34,4459.2,1.5,1.5,1.6,249.1,251.1,254,21.0,116.25,54.54,0,114.80000000000001,387.5,0.09999999999999998,0.3,170.79,0.19907488612287086,33.46456692913386,-1,Fault,String 2 Fault
2026-11-01 06:47:30,Normal,330.5,282.7,0,0.3,0.2,0,26,4459.2,1.7,1.2,1.9,249,250.6,253.5,21.2,99.14999999999999,56.54,0,47.80000000000001,330.5,0.09999999999999998,0.3,155.69,0.1669985216327412,25.610717100078798,-1,Fault,Inverter Fault
2026-11-01 06:48:32,Normal,371.5,224.5,0,0.3,0.2,0,33,4459.2,1.8,1.9,1.7,249.4,250.5,253.7,21.3,111.45,44.900000000000006,0,147.0,371.5,0.09999999999999998,0.3,156.35000000000002,0.21106491710223907,32.51872290106425,-1,Fault,String 2 Fault
2026-11-01 06:49:35,Normal,383.6,537.0,0,0.3,0.2,0,39,4459.2,1.7,1.5,1.7,249,251,253.4,21.6,115.08,107.4,0,153.39999999999998,383.6,0.09999999999999998,0.3,222.48000000000002,0.1752966550912592,38.476716653512234,-1,Fault,String 1 Fault
2026-11-01 06:50:39,Normal,395.5,531.9,0,0.3,0.2,0,42,4459.2,1.7,1.6,1.6,248.8,250.6,253.3,21.8,118.64999999999999,106.38,0,136.39999999999998,395.5,0.09999999999999998,0.3,225.02999999999997,0.18664178026644548,41.46919431279621,-1,Fault,String 1 Fault
2026-11-01 06:51:40,Normal,388.5,500.8,0,0.3,0.2,0,49,4459.2,1.7,1.5,1.6,248.7,250.8,253.5,21.9,116.55,100.16000000000001,0,112.30000000000001,388.5,0.09999999999999998,0.3,216.71,0.22610862338559076,48.39984195969973,-1,Fault,String 1 Fault
2026-11-01 06:52:42,Normal,335.7,452.5,0,0.4,0.2,0,51,4459.2,1.6,1.5,1.5,249.1,250.4,253,22.1,134.28,90.5,0,116.80000000000001,335.7,0.2,0.4,224.78,0.22688851220353895,50.41518386714116,-1,Fault,String 1 Fault
2026-11-01 06:55:50,Normal,555.9,321.6,0,0.4,0.3,0,111,4459.2,1.8,1.5,1.9,248.6,251.2,248.9,22.6,222.36,96.48,0,234.29999999999995,555.9,0.10000000000000003,0.4,318.84000000000003,0.3481369955208349,109.94453248811409,-1,Fault,String 2 Fault
2026-11-01 06:56:53,Normal,530.5,260.2,0,0.5,0.3,0,98,4459.2,1.6,1.8,1.6,250.3,250.7,248.6,22.7,265.25,78.05999999999999,0,270.3,530.5,0.2,0.5,343.31,0.2854562923146535,97.10661910424098,-1,Fault,String 2 Fault
2026-11-01 06:57:55,Normal,519.8,215.0,0,0.5,0.3,0,105,4459.2,1.8,1.9,1.7,250.2,250.8,248.6,22.9,259.9,64.5,0,304.79999999999995,519.8,0.2,0.5,324.4,0.3236744749578469,104.12534708449029,-1,Fault,String 2 Fault
2026-11-01 07:03:10,Normal,588.2,459.1,0,0.6,0.4,0,233,4459.2,1.7,1.9,1.9,251.2,251.4,248.7,23.7,352.92,183.64000000000001,0,129.10000000000002,588.2,0.19999999999999996,0.6,536.5600000000001,0.4342477999958107,231.79466772781535,-1,Fault,String 2 Fault
2026-11-01 07:04:12,Normal,584.5,445.1,0,0.6,0.4,0,258,4459.2,1.8,1.6,1.5,250.5,251,248.7,23.8,350.7,178.04000000000002,0,139.39999999999998,584.5,0.19999999999999996,0.6,528.74,0.48795248990439066,256.7675159235669,-1,Fault,String 2 Fault
2026-11-01 07:05:15,Normal,590.5,423.1,0,0.7,0.4,0,277,4459.2,1.8,1.6,1.4,250.7,251,248.4,23.9,413.34999999999997,169.24,0,167.39999999999998,590.5,0.29999999999999993,0.7,582.5899999999999,0.47546301777328315,275.78653922739943,-1,Fault,String 2 Fault
2026-11-01 07:06:18,Normal,599.7,397.1,0,0.7,0.5,0,300,4459.2,1.7,1.7,1.7,249.9,250.6,248.7,24.0,419.79,198.55,0,202.60000000000002,599.7,0.19999999999999996,0.7,618.34,0.48516997042861537,298.804780876494,-1,Fault,String 2 Fault
2026-11-01 07:07:21,Normal,606.7,409.9,0,0.7,0.5,0,333,4459.2,1.7,1.6,1.6,250.1,250.8,248.5,24.2,424.69,204.95,0,196.80000000000007,606.7,0.19999999999999996,0.7,629.64,0.5288736412412273,331.93779904306217,-1,Fault,String 2 Fault
2026-11-01 07:08:24,Normal,613.6,434.3,0,0.8,0.5,0,364,4459.2,1.6,1.7,1.4,250.2,250.9,248.1,24.3,490.88000000000005,217.15,0,179.3,613.6,0.30000000000000004,0.8,708.0300000000001,0.5141025090545562,362.98364579178303,-1,Fault,String 2 Fault
2026-11-01 07:09:27,Normal,600.4,457.5,0,0.8,0.5,0,408,4459.2,1.4,1.6,1.7,249.9,250.8,248.9,24.4,480.32,228.75,0,142.89999999999998,600.4,0.30000000000000004,0.8,709.0699999999999,0.5754015815428638,407.02314445331206,-1,Fault,String 2 Fault
2026-11-01 07:10:29,Normal,601.6,418.6,0,0.8,0.5,0,411,4459.3,1.6,1.7,1.7,249.5,251.2,248.5,24.5,481.28000000000003,209.3,0,183.0,601.6,0.30000000000000004,0.8,690.58,0.5951519004385416,410.1796407185629,-1,Fault,String 2 Fault
2026-11-01 07:11:32,Normal,602.6,418.1,0,0.8,0.5,0,437,4459.3,1.6,1.6,1.8,249.5,251.4,248.5,24.6,482.08000000000004,209.05,0,184.5,602.6,0.30000000000000004,0.8,691.1300000000001,0.6322978301733424,436.3019169329073,-1,Fault,String 2 Fault
2026-11-01 07:12:35,Normal,604.6,437.0,0,0.9,0.5,0,463,4459.3,1.4,1.4,1.7,249.3,250.6,248.7,24.7,544.14,218.5,0,167.60000000000002,604.6,0.4,0.9,762.64,0.6071016461146784,462.4450659208949,-1,Fault,String 2 Fault
2026-11-01 10:16:31,Normal,643.3,612.3,0,17.8,9.3,0,17037,4477.6,22.9,23,23.1,245.9,246.8,246,35.1,11450.74,5694.39,0,31.0,643.3,8.5,17.8,17145.13,0.9936932527782703,17754.272613588997,-1,Fault,String 2 Fault
2026-11-01 12:55:47,Normal,646.8,624.2,0,19.1,10.1,0,18298,4509.2,24.4,24.2,24.5,247.6,251.8,254.3,36.4,12353.88,6304.42,0,22.59999999999991,646.8,9.000000000000002,19.1,18658.3,0.9806895590176656,19172.25481978206,-1,Fault,String 2 Fault
2026-11-01 13:19:13,Normal,648.6,626.1,0,22.6,11.9,0,21849,4516.1,28.8,28.7,29,250,254.2,255.5,38.2,14658.36,7450.59,0,22.5,648.6,10.700000000000001,22.6,22108.95,0.988242318111523,23066.93412162162,-1,Fault,String 2 Fault
2026-11-01 17:36:53,Normal,549.9,417.1,0,0.5,0.3,0,150,4543,1.9,1.7,1.7,253.9,251.6,254.8,33.1,274.95,125.13,0,132.79999999999995,549.9,0.2,0.5,400.08,0.3749250140598755,155.02273666804464,-1,Fault,String 2 Fault
2026-11-01 17:46:17,Normal,397.0,408.7,0,0.3,0.2,0,39,4543,1.7,1.8,1.8,253.4,249.3,250.6,32.7,119.1,81.74000000000001,0,11.699999999999989,397.0,0.09999999999999998,0.3,200.84,0.194184424446403,40.23937267849773,-1,Fault,Inverter Fault
2026-11-01 17:47:19,Normal,338.5,343.1,0,0.3,0.2,0,41,4543,1.6,1.7,1.8,253.6,250,250.7,32.7,101.55,68.62,0,4.600000000000023,338.5,0.09999999999999998,0.3,170.17000000000002,0.2409355336373301,42.30293025175403,-1,Fault,Inverter Fault
2026-11-01 17:50:27,Normal,463.8,244.5,0,0.3,0.2,0,35,4543,1.8,1.6,1.6,253.2,250,250.6,32.6,139.14,48.900000000000006,0,219.3,463.8,0.09999999999999998,0.3,188.04,0.18613060951855664,36.0973597359736,-1,Fault,String 2 Fault
2026-11-01 17:51:30,Normal,413.0,561.6,0,0.3,0.1,0,36,4543,1.8,1.3,1.5,253,249.9,250.1,32.5,123.89999999999999,56.160000000000004,0,148.60000000000002,413.0,0.19999999999999998,0.3,180.06,0.19993335443777988,37.11340206185567,-1,Fault,String 1 Fault
2026-11-01 17:53:35,Normal,399.8,394.5,0,0.3,0.1,0,30,4543,1.6,1.7,1.7,252.7,249,249.6,32.5,119.94,39.45,0,5.300000000000011,399.8,0.19999999999999998,0.3,159.39,0.18821757834106548,30.927835051546392,-1,Fault,Inverter Fault
2026-11-01 17:54:37,Normal,447.9,352.4,0,0.3,0.1,0,25,4543,1.6,1.5,1.7,252.3,248.6,249.8,32.4,134.36999999999998,35.24,0,95.5,447.9,0.19999999999999998,0.3,169.60999999999999,0.14739696864927207,25.762572135201978,-1,Fault,String 2 Fault
2026-11-01 17:55:40,Normal,480.1,309.1,0,0.2,0.1,0,43,4543,1.9,1.5,1.9,253.2,249.2,249.9,32.4,96.02000000000001,30.910000000000004,0,171.0,480.1,0.1,0.2,126.93,0.33876939778799814,44.3116240725474,-1,Fault,String 2 Fault
2026-11-01 17:56:42,Normal,474.9,298.1,0,0.2,0.1,0,30,4543,1.8,1.5,1.7,252.8,249.2,249.9,32.3,94.98,29.810000000000002,0,176.79999999999995,474.9,0.1,0.2,124.79,0.24040387658943924,30.902348578491967,-1,Fault,String 2 Fault
2026-11-01 17:57:45,Normal,453.4,316.1,0,0.2,0.1,0,37,4543,2,1.8,1.7,253.1,248.7,249.6,32.3,90.68,31.610000000000003,0,137.29999999999995,453.4,0.1,0.2,122.29,0.3025594872633945,38.11289658014009,-1,Fault,String 2 Fault
2026-11-01 17:59:50,Normal,281.6,299.8,0,0.2,0.1,0,16,4543,1.7,1.7,1.5,253,248.7,249.8,32.2,56.32000000000001,29.980000000000004,0,18.19999999999999,281.6,0.1,0.2,86.30000000000001,0.18539976610197256,16.474464579901156,-1,Fault,Inverter Fault
2026-11-01 18:00:52,Normal,261.7,338.2,0,0.2,0.1,0,20,4543,1.6,1.5,1.6,253.1,249.3,248.8,32.1,52.34,33.82,0,76.5,261.7,0.1,0.2,86.16,0.23212627400039146,20.58460271716756,-1,Fault,String 1 Fault
2026-12-01 06:42:15,Normal,536.1,286.3,0,0.3,0.2,0,38,4543,1.8,1.6,1.7,248.4,248.4,248,21.4,160.83,57.260000000000005,0,249.8,536.1,0.09999999999999998,0.3,218.09000000000003,0.17423999186464306,37.46056782334385,-1,Fault,String 2 Fault
2026-12-01 06:43:17,Normal,535.1,301.1,0,0.3,0.2,0,40,4543,1.9,1.6,1.7,247.5,248.5,247.6,21.5,160.53,60.220000000000006,0,234.0,535.1,0.09999999999999998,0.3,220.75,0.1812004521802924,39.447731755424066,-1,Fault,String 2 Fault
2026-12-01 06:44:20,Normal,514.8,255.6,0,0.3,0.2,0,46,4543,1.7,1.6,1.7,247.5,248.3,247.6,21.6,154.43999999999997,51.120000000000005,0,259.19999999999993,514.8,0.09999999999999998,0.3,205.55999999999997,0.22377894423147043,45.38279400157853,-1,Fault,String 2 Fault
2026-12-01 06:45:22,Normal,438.8,219.9,0,0.3,0.2,0,44,4543,1.9,1.4,1.8,247.5,248.7,248.1,21.8,131.64,43.980000000000004,0,218.9,438.8,0.09999999999999998,0.3,175.62,0.2505409392407417,43.44391785150079,-1,Fault,String 2 Fault
2026-12-01 06:46:25,Normal,505.8,552.7,0,0.4,0.2,0,65,4543,1.8,1.7,1.8,247.5,248.8,248,22.0,202.32000000000002,110.54000000000002,0,46.900000000000034,505.8,0.2,0.4,312.86,0.20776065905593344,64.2292490118577,-1,Fault,Inverter Fault
2026-12-01 06:47:27,Normal,562.8,564.7,0,0.3,0.2,0,74,4543,1.9,1.5,1.8,248,249.1,248.2,22.2,168.83999999999997,112.94000000000001,0,1.900000000000091,562.8,0.09999999999999998,0.3,281.78,0.2626162244920994,73.18037974683544,-1,Fault,Inverter Fault
2026-12-01 06:49:33,Normal,521.5,528.7,0,0.4,0.3,0,79,4543,1.7,1.7,1.7,247.1,248.7,247.8,22.5,208.60000000000002,158.61,0,7.2000000000000455,521.5,0.10000000000000003,0.4,367.21000000000004,0.2151357527977567,78.21782178217822,-1,Fault,Inverter Fault
2026-12-01 06:56:52,Normal,568.6,429.0,0,0.5,0.3,0,162,4543,1.8,1.5,1.7,247.9,248.5,247.5,23.6,284.3,128.7,0,139.60000000000002,568.6,0.2,0.5,413.0,0.39225181503086726,161.0978520286396,-1,Fault,String 2 Fault
2026-12-01 06:57:55,Normal,579.2,403.1,0,0.5,0.3,0,164,4543.1,1.7,1.5,1.6,247.8,248.9,248.1,23.7,289.6,120.93,0,176.10000000000002,579.2,0.2,0.5,410.53000000000003,0.3994835934049068,163.15161161957818,-1,Fault,String 2 Fault
2026-12-01 06:58:58,Normal,591.7,352.1,0,0.5,0.3,0,167,4543.1,1.4,1.6,1.4,247.9,249,247.4,23.8,295.85,105.63000000000001,0,239.60000000000002,591.7,0.2,0.5,401.48,0.4159609434692614,166.20222929936307,-1,Fault,String 2 Fault
2026-12-01 07:00:01,Normal,594.3,312.0,0,0.5,0.3,0,178,4543.1,1.5,1.8,1.8,247.8,248.8,247.5,24.0,297.15,93.6,0,282.29999999999995,594.3,0.2,0.5,390.75,0.45553422788091047,177.29083665338646,-1,Fault,String 2 Fault
2026-12-01 07:01:04,Normal,598.4,249.3,0,0.6,0.4,0,171,4543.1,1.7,1.6,1.7,248.1,248.9,248,24.1,359.03999999999996,99.72000000000001,0,349.09999999999997,598.4,0.19999999999999996,0.6,458.76,0.3727439175761969,170.3866082104424,-1,Fault,String 2 Fault
2026-12-01 07:02:06,Normal,592.5,227.6,0,0.6,0.4,0,196,4543.1,1.6,1.7,1.6,248.3,248.8,246.8,24.2,355.5,91.04,0,364.9,592.5,0.19999999999999996,0.6,446.54,0.43893044197847797,195.37480063795851,-1,Fault,String 2 Fault
2026-12-01 07:03:09,Normal,595.1,229.5,0,0.6,0.4,0,220,4543.1,1.7,1.8,1.7,247.9,248.6,248.3,24.3,357.06,91.80000000000001,0,365.6,595.1,0.19999999999999996,0.6,448.86,0.4901305518644331,219.3857199840447,-1,Fault,String 2 Fault
2026-12-01 07:04:12,Normal,585.2,202.6,0,0.7,0.5,0,243,4543.1,1.7,1.6,1.7,247.9,248.3,247.3,24.4,409.64,101.3,0,382.6,585.2,0.19999999999999996,0.7,510.94,0.4755940022789486,242.41819632881086,-1,Fault,String 2 Fault
2026-12-01 12:21:01,Normal,645.6,617.3,0,19.4,10.8,0,18790,4605.2,25.6,25.5,25.6,245.6,248.6,248.2,41.7,12524.64,6666.84,0,28.300000000000068,645.6,8.599999999999998,19.4,19191.48,0.979080300165538,20135.01928846978,-1,Fault,String 2 Fault
2026-12-01 12:29:32,Normal,634.8,633.8,0,23.0,11.6,0,21800,4608.1,29.2,29.2,29.2,246.3,249.2,251.4,41.4,14600.4,7352.079999999999,0,1.0,634.8,11.4,23.0,21952.48,0.9930540876933698,23330.479452054795,-1,Fault,String 2 Fault
2026-12-01 12:34:51,Normal,630.9,635.1,0,24.2,11.8,0,22523,4610,30.2,29.9,30.3,246.5,250.5,252.2,41.9,15267.779999999999,7494.18,0,4.2000000000000455,630.9,12.399999999999999,24.2,22761.96,0.9895017827555491,24155.941655941657,-1,Fault,String 2 Fault
2026-12-01 12:35:55,Normal,629.5,628.0,0,24.0,12.3,0,22477,4610.4,30.2,30,30.3,246.5,250.7,252.4,42.1,15108.0,7724.400000000001,0,1.5,629.5,11.7,24.0,22832.4,0.9844344001951422,24127.30785744955,-1,Fault,String 2 Fault
2026-12-01 12:39:07,Normal,635.4,634.5,0,24.0,12.3,0,22781,4611.5,30.4,30.3,30.6,247,251.3,252.7,42.5,15249.599999999999,7804.35,0,0.8999999999999773,635.4,11.7,24.0,23053.949999999997,0.9881603802824176,24495.698924731183,-1,Fault,String 2 Fault
2026-12-01 12:40:11,Normal,634.2,632.3,0,23.3,11.8,0,21983,4611.9,29.3,29.4,29.4,246.7,250.7,252.4,42.4,14776.860000000002,7461.14,0,1.900000000000091,634.2,11.5,23.3,22238.000000000004,0.988533141425104,23627.472055030095,-1,Fault,String 2 Fault
2026-12-01 12:41:15,Normal,634.2,633.3,0,24.1,12.2,0,22767,4612.3,30.4,30.2,30.5,247.2,251.1,252.8,42.4,15284.220000000001,7726.259999999999,0,0.900000000000091,634.2,11.900000000000002,24.1,23010.48,0.9894187343771439,24470.1203783319,-1,Fault,String 2 Fault
2026-12-01 12:42:19,Normal,632.6,633.6,0,24.5,12.4,0,23049,4612.7,30.7,30.6,30.9,247.6,251.3,252.6,42.4,15498.7,7856.64,0,1.0,632.6,12.1,24.5,23355.34,0.9868835135353677,24773.215821152193,-1,Fault,String 2 Fault
2026-12-01 12:43:22,Normal,625.9,627.0,0,24.7,12.5,0,23016,4613.1,30.6,30.5,30.8,247.5,251.4,252.8,42.4,15459.73,7837.5,0,1.1000000000000227,625.9,12.2,24.7,23297.23,0.9879286077792112,24737.74720550301,-1,Fault,String 2 Fault
2026-12-01 12:44:26,Normal,627.2,624.2,0,24.7,12.5,0,23049,4613.5,30.8,30.5,30.9,247.2,251.2,253.8,42.5,15491.84,7802.500000000001,0,3.0,627.2,12.2,24.7,23294.34,0.9894678277646214,24783.870967741936,-1,Fault,String 2 Fault
2026-12-01 12:45:30,Normal,627.9,621.8,0,24.5,12.5,0,22905,4613.9,30.6,30.3,30.6,247.7,251.6,253.9,42.6,15383.55,7772.499999999999,0,6.100000000000023,627.9,12.0,24.5,23156.05,0.9891583408660304,24639.629948364887,-1,Fault,String 2 Fault
2026-12-01 12:46:34,Normal,627.3,621.5,0,24.6,12.5,0,22953,4614.3,30.4,30.6,30.7,247.8,251.3,253.9,42.7,15431.58,7768.75,0,5.7999999999999545,627.3,12.100000000000001,24.6,23200.33,0.989339375733477,24701.894102453723,-1,Fault,String 2 Fault
2026-12-01 12:47:37,Normal,626.0,628.3,0,24.6,12.3,0,22854,4614.8,30.3,30.4,30.5,247.7,251.7,254.2,42.9,15399.6,7728.09,0,2.2999999999999545,626.0,12.3,24.6,23127.690000000002,0.9881661332805755,24616.54459284791,-1,Fault,String 2 Fault
2026-12-01 12:48:41,Normal,625.3,622.3,0,24.7,12.6,0,22984,4615.2,30.7,30.4,30.6,247.8,251.6,254.4,43.0,15444.909999999998,7840.98,0,3.0,625.3,12.1,24.7,23285.89,0.9870354965609202,24767.241379310348,-1,Fault,String 2 Fault
2026-12-01 12:49:45,Normal,627.5,625.5,0,24.8,12.6,0,23146,4615.6,30.7,30.6,30.9,248.3,251.8,254.4,43.1,15562.0,7881.3,0,2.0,627.5,12.200000000000001,24.8,23443.3,0.9873183382464363,24952.565761103924,-1,Fault,String 2 Fault
2026-12-01 12:50:49,Normal,629.5,623.1,0,24.8,12.6,0,23197,4616,30.8,30.7,31,248.2,251.9,254.5,43.3,15611.6,7851.06,0,6.399999999999977,629.5,12.200000000000001,24.8,23462.66,0.9886773281039457,25029.132498921015,-1,Fault,String 2 Fault
2026-12-01 12:51:52,Normal,626.5,623.4,0,24.8,12.6,0,23086,4616.4,30.7,30.6,30.7,248.6,252,254.5,43.5,15537.2,7854.839999999999,0,3.1000000000000227,626.5,12.200000000000001,24.8,23392.04,0.9869169169945452,24930.885529157666,-1,Fault,String 2 Fault
2026-12-01 12:52:56,Normal,625.2,623.1,0,24.8,12.6,0,23025,4616.8,30.5,30.5,30.6,248,252.4,254.6,43.7,15504.960000000001,7851.06,0,2.1000000000000227,625.2,12.200000000000001,24.8,23356.02,0.9858272085318548,24886.51102464332,-1,Fault,String 2 Fault
2026-12-01 12:54:00,Normal,625.5,620.8,0,24.6,12.5,0,22853,4617.2,30.4,30.2,30.4,248.2,252.4,254.7,43.9,15387.300000000001,7759.999999999999,0,4.7000000000000455,625.5,12.100000000000001,24.6,23147.3,0.9872857741081126,24721.98182604933,-1,Fault,String 2 Fault
2026-12-01 12:55:04,Normal,626.0,626.7,0,24.4,12.3,0,22708,4617.6,30.1,30,30.2,248.3,252.3,254.4,44.0,15274.4,7708.410000000001,0,0.7000000000000455,626.0,12.099999999999998,24.4,22982.81,0.9880428023819522,24575.757575757576,-1,Fault,String 2 Fault
2026-12-01 12:56:08,Normal,629.1,626.2,0,24.1,12.2,0,22531,4618,29.9,29.8,30,248.5,252.4,254.8,44.0,15161.310000000001,7639.64,0,2.8999999999999773,629.1,11.900000000000002,24.1,22800.95,0.9881605809850834,24384.199134199134,-1,Fault,String 2 Fault
2026-12-01 12:57:11,Normal,632.6,625.4,0,23.6,12.1,0,22294,4618.4,29.5,29.5,29.7,248.4,252.3,254.7,44.1,14929.36,7567.339999999999,0,7.2000000000000455,632.6,11.500000000000002,23.6,22496.7,0.9909897895695373,24138.155045474232,-1,Fault,String 2 Fault
2026-12-01 12:58:15,Normal,628.7,625.4,0,23.6,12.0,0,22061,4618.8,29.1,29.1,29.3,249.2,253.1,253.9,44.2,14837.320000000002,7504.799999999999,0,3.300000000000068,628.7,11.600000000000001,23.6,22342.120000000003,0.9874174876427384,23896.230502599654,-1,Fault,String 2 Fault
2026-12-01 12:59:19,Normal,632.1,629.2,0,23.5,12.0,0,22096,4619.2,29.2,29.3,29.3,248.8,253,254.2,44.0,14854.35,7550.400000000001,0,2.8999999999999773,632.1,11.5,23.5,22404.75,0.9862194400300731,23913.41991341991,-1,Fault,String 2 Fault
2026-12-01 13:00:23,Normal,631.2,630.1,0,23.5,12.0,0,22105,4619.6,29.2,29.2,29.3,249.7,252.8,254.1,44.0,14833.2,7561.200000000001,0,1.1000000000000227,631.2,11.5,23.5,22394.4,0.9870771263803862,23923.160173160173,-1,Fault,String 2 Fault
2026-12-01 13:04:38,Normal,627.3,627.4,0,23.0,11.6,0,21484,4621.1,28.4,28.4,28.5,251.3,254,251.6,44.5,14427.9,7277.839999999999,0,0.10000000000002274,627.3,11.4,23.0,21705.739999999998,0.9897842690002837,23301.518438177874,-1,Fault,String 2 Fault
2026-12-01 13:06:46,Normal,630.5,630.1,0,23.1,11.8,0,21720,4621.9,28.6,28.7,28.9,251.3,254,251.7,44.5,14564.550000000001,7435.18,0,0.39999999999997726,630.5,11.3,23.1,21999.730000000003,0.9872848439054803,23557.48373101952,-1,Fault,String 2 Fault
2026-12-01 13:08:53,Normal,630.9,634.5,0,23.6,12.0,0,22199,4622.7,29.3,29.3,29.7,251.4,254.1,251.6,44.5,14889.24,7614.0,0,3.6000000000000227,630.9,11.600000000000001,23.6,22503.239999999998,0.9864801690340378,24077.00650759219,-1,Fault,String 2 Fault
2026-12-01 13:09:57,Normal,632.5,635.5,0,23.6,11.9,0,22254,4623,29.4,29.3,29.8,250.8,254,251.3,44.4,14927.0,7562.45,0,3.0,632.5,11.700000000000001,23.6,22489.45,0.9895306465480689,24126.192541196877,-1,Fault,String 2 Fault
2026-12-01 13:11:00,Normal,632.2,632.3,0,23.6,12.0,0,22248,4623.4,29.4,29.3,29.8,251.2,254.3,251.9,44.5,14919.920000000002,7587.599999999999,0,0.09999999999990905,632.2,11.600000000000001,23.6,22507.52,0.9884696314392492,24130.151843817785,-1,Fault,String 2 Fault
2026-12-01 13:12:04,Normal,634.5,632.4,0,23.6,12.0,0,22302,4623.8,29.4,29.4,29.9,251.2,254.2,251.5,44.5,14974.2,7588.799999999999,0,2.1000000000000227,634.5,11.600000000000001,23.6,22563.0,0.9884323892661245,24188.720173535792,-1,Fault,String 2 Fault
2026-12-01 13:13:08,Normal,632.3,636.4,0,23.6,11.9,0,22293,4624.2,29.4,29.4,29.7,251.2,254.2,251.9,44.6,14922.28,7573.16,0,4.100000000000023,632.3,11.700000000000001,23.6,22495.440000000002,0.9910008427934281,24189.453125,-1,Fault,String 2 Fault
2026-12-01 13:14:12,Normal,634.3,635.6,0,23.5,11.9,0,22245,4624.6,29.3,29.3,29.7,251.4,254.2,252.1,44.5,14906.05,7563.64,0,1.3000000000000682,634.3,11.6,23.5,22469.69,0.9900003070362787,24126.89804772234,-1,Fault,String 2 Fault
2026-12-01 13:15:16,Normal,633.6,631.3,0,23.2,11.8,0,21949,4625,29,29,29.1,251,253.7,251.6,44.4,14699.52,7449.34,0,2.300000000000068,633.6,11.399999999999999,23.2,22148.86,0.9909765107102136,23795.533391153513,-1,Fault,String 2 Fault
2026-12-01 13:17:23,Normal,637.5,632.6,0,22.8,11.6,0,21694,4625.8,28.6,28.5,28.8,251.7,254.5,253.4,44.4,14535.0,7338.16,0,4.899999999999977,637.5,11.200000000000001,22.8,21873.16,0.9918091395577132,23519.080659150044,-1,Fault,String 2 Fault
2026-12-01 13:19:31,Normal,628.5,632.3,0,22.8,11.5,0,21405,4626.5,28.3,28.2,28.4,250.7,254.1,253,44.5,14329.800000000001,7271.45,0,3.7999999999999545,628.5,11.3,22.8,21601.25,0.9909148775653763,23215.83514099783,-1,Fault,String 2 Fault
2026-12-01 13:37:36,Normal,635.4,614.9,0,20.3,10.5,0,19243,4632.7,25.3,25.1,25.1,250.1,253.3,256.7,44.0,12898.62,6456.45,0,20.5,635.4,9.8,20.3,19355.07,0.9942097858083587,20825.757575757576,-1,Fault,String 2 Fault
2026-12-01 14:04:13,Normal,625.6,626.3,0,23.9,12.1,0,22263,4641.8,29.3,29.1,29.3,251.2,255.4,257.5,44.5,14951.84,7578.23,0,0.6999999999999318,625.6,11.799999999999999,23.9,22530.07,0.9881460643048092,24146.420824295008,-1,Fault,String 2 Fault
2026-12-01 14:08:29,Normal,636.5,616.1,0,21.3,11.1,0,20206,4643.3,26.7,26.4,26.6,249.9,254.2,256.6,44.8,13557.45,6838.71,0,20.399999999999977,636.5,10.200000000000001,21.3,20396.16,0.9906766763454161,21943.961772371847,-1,Fault,String 2 Fault
2026-12-01 17:31:57,Normal,564.0,418.3,0,0.6,0.3,0,252,4664.8,1.4,1.7,1.6,253.1,249.2,249.4,35.0,338.4,125.49,0,145.7,564.0,0.3,0.6,463.89,0.5432322306080488,262.5,-1,Fault,String 2 Fault
2026-12-01 17:32:32,Normal,553.3,414.3,0,0.6,0.3,0,209,4664.8,1.8,1.6,1.9,253.1,249.7,249.3,34.9,331.97999999999996,124.28999999999999,0,138.99999999999994,553.3,0.3,0.6,456.27,0.45806211134183245,217.6176593086214,-1,Fault,String 2 Fault
2026-12-01 17:33:35,Normal,561.3,385.2,0,0.6,0.3,0,175,4664.8,1.6,1.6,1.4,251.5,249.4,249.2,34.9,336.78,115.55999999999999,0,176.09999999999997,561.3,0.3,0.6,452.34,0.38687712696892357,182.21574344023324,-1,Fault,String 2 Fault
2026-12-01 17:34:37,Normal,555.2,356.2,0,0.5,0.3,0,166,4664.8,1.8,1.5,1.6,252,248,249.2,34.8,277.6,106.86,0,199.00000000000006,555.2,0.2,0.5,384.46000000000004,0.4317744357494292,172.77268942547877,-1,Fault,String 2 Fault
2026-12-01 17:35:40,Normal,547.5,336.7,0,0.5,0.3,0,125,4664.8,1.7,1.7,1.2,251.9,247.9,249.2,34.8,273.75,101.00999999999999,0,210.8,547.5,0.2,0.5,374.76,0.3335468023974095,130.0999167360533,-1,Fault,String 2 Fault
2026-12-01 17:36:43,Normal,540.1,278.0,0,0.5,0.3,0,115,4664.8,1.6,1.7,1.6,251.9,247.9,248.9,34.7,270.05,83.39999999999999,0,262.1,540.1,0.2,0.5,353.45,0.3253642655952348,119.6421140241365,-1,Fault,String 2 Fault
2026-12-01 17:37:46,Normal,527.4,226.0,0,0.5,0.3,0,84,4664.8,1.5,1.6,1.6,251.4,247.6,248.9,34.6,263.7,67.8,0,301.4,527.4,0.2,0.5,331.5,0.2533936643939859,87.35440931780366,-1,Fault,String 2 Fault
2026-12-01 17:47:10,Normal,492.4,380.6,0,0.3,0.2,0,76,4664.8,1.7,1.7,1.6,251,249.9,247.2,34.1,147.72,76.12,0,111.79999999999995,492.4,0.09999999999999998,0.3,223.84,0.3395282329363464,78.87090078870901,-1,Fault,String 2 Fault
2026-12-01 17:48:12,Normal,481.0,352.7,0,0.3,0.2,0,66,4664.8,1.5,1.6,1.7,250.8,249.9,247.3,34.0,144.29999999999998,70.54,0,128.3,481.0,0.09999999999999998,0.3,214.83999999999997,0.30720536070003096,68.46473029045643,-1,Fault,String 2 Fault
2026-12-01 17:49:15,Normal,447.0,307.3,0,0.3,0.2,0,56,4664.8,1.8,1.6,1.6,248.2,248.9,248.2,34.0,134.1,61.46000000000001,0,139.7,447.0,0.09999999999999998,0.3,195.56,0.28635712678279235,58.09128630705394,-1,Fault,String 2 Fault
2026-12-01 17:50:17,Normal,446.3,269.1,0,0.3,0.2,0,49,4664.8,1.7,1.5,1.5,248.1,249.2,248.3,33.9,133.89,53.82000000000001,0,177.2,446.3,0.09999999999999998,0.3,187.70999999999998,0.26104096605912863,50.80879303193695,-1,Fault,String 2 Fault
2026-12-01 17:51:20,Normal,399.3,203.3,0,0.3,0.2,0,41,4664.8,1.7,1.7,1.7,247.7,249.2,247.7,33.8,119.78999999999999,40.660000000000004,0,196.0,399.3,0.09999999999999998,0.3,160.45,0.25553131657506195,42.49585406301824,-1,Fault,String 2 Fault
2026-12-01 17:52:22,Normal,361.5,471.0,0,0.3,0.2,0,45,4664.8,1.5,1.2,1.7,247.8,248.8,248,33.8,108.45,94.2,0,109.5,361.5,0.09999999999999998,0.3,202.65,0.22205773391533315,46.64179104477612,-1,Fault,String 1 Fault
2026-12-01 17:53:25,Normal,315.3,390.6,0,0.3,0.2,0,34,4664.8,2,1.7,1.6,247.7,248.4,248.8,33.7,94.59,78.12,0,75.30000000000001,315.3,0.09999999999999998,0.3,172.71,0.19686179030246198,35.225859925404066,-1,Fault,String 1 Fault
2026-01-13 06:45:19,Normal,484.7,436.5,0,0.3,0.2,0,32,4664.8,1.7,1.5,1.4,248.4,248.9,249,21.6,145.41,87.30000000000001,0,48.19999999999999,484.7,0.09999999999999998,0.3,232.71,0.13751020524468133,31.570639305445933,-1,Fault,Inverter Fault
2026-01-13 06:46:21,Normal,456.8,408.5,0,0.3,0.2,0,38,4664.8,1.8,1.7,1.7,248.7,249,248.7,21.7,137.04,81.7,0,48.30000000000001,456.8,0.09999999999999998,0.3,218.74,0.17372222650762445,37.504934859849975,-1,Fault,Inverter Fault
2026-01-13 06:51:34,Normal,260.6,560.5,0,0.4,0.2,0,53,4664.8,1.7,1.4,1.7,248.6,249.6,248.5,22.4,104.24000000000001,112.10000000000001,0,299.9,260.6,0.2,0.4,216.34000000000003,0.24498474510037554,52.45447347585115,-1,Fault,String 1 Fault
2026-01-13 06:52:36,Normal,281.2,564.1,0,0.4,0.2,0,60,4664.8,1.5,1.6,1.5,248.4,250,247.2,22.6,112.48,112.82000000000001,0,282.90000000000003,281.2,0.2,0.4,225.3,0.2663115833718971,59.429477020602214,-1,Fault,String 1 Fault
2026-01-13 06:53:39,Normal,336.9,510.7,0,0.4,0.2,0,72,4664.8,1.6,1.6,1.4,248.3,249.9,247.2,22.8,134.76,102.14,0,173.8,336.9,0.2,0.4,236.89999999999998,0.3039257057664597,71.37192704203014,-1,Fault,String 1 Fault
2026-01-13 06:54:41,Normal,509.1,509.6,0,0.4,0.3,0,91,4664.8,1.8,1.6,1.7,248.4,248.3,247.4,22.9,203.64000000000001,152.88,0,0.5,509.1,0.10000000000000003,0.4,356.52,0.25524514682137006,90.24196747322492,-1,Fault,Inverter Fault
2026-01-13 06:58:52,Normal,576.7,433.6,0,0.5,0.3,0,132,4664.8,1.5,1.7,1.7,248.2,248.4,247.6,23.6,288.35,130.08,0,143.10000000000002,576.7,0.2,0.5,418.43000000000006,0.31546495156784893,131.2649164677804,-1,Fault,String 2 Fault
2026-01-13 06:59:55,Normal,579.1,411.3,0,0.5,0.3,0,151,4664.8,1.6,1.6,1.7,248.6,248.4,248.2,23.7,289.55,123.39,0,167.8,579.1,0.2,0.5,412.94,0.36567055658044617,150.21886191802625,-1,Fault,String 2 Fault
2026-01-13 07:00:58,Normal,588.1,421.3,0,0.5,0.3,0,168,4664.8,1.6,1.5,1.4,248.8,248.3,247.8,23.9,294.05,126.39,0,166.8,588.1,0.2,0.5,420.44,0.39958138997340553,167.26403823178018,-1,Fault,String 2 Fault
2026-01-13 07:02:01,Normal,596.9,412.7,0,0.5,0.3,0,191,4664.8,1.7,1.6,1.7,248.5,247.9,247.6,24.0,298.45,123.80999999999999,0,184.2,596.9,0.2,0.5,422.26,0.4523279485333019,190.23904382470118,-1,Fault,String 2 Fault
2026-01-13 07:03:04,Normal,597.7,374.6,0,0.6,0.4,0,193,4664.8,1.7,1.5,1.6,248,248,247.2,24.1,358.62,149.84,0,223.10000000000002,597.7,0.19999999999999996,0.6,508.46000000000004,0.37957754714318226,192.3076923076923,-1,Fault,String 2 Fault
2026-01-13 07:04:07,Normal,600.0,315.7,0,0.6,0.4,0,205,4664.8,1.7,1.6,1.4,248.2,246.8,247.4,24.3,360.0,126.28,0,284.3,600.0,0.19999999999999996,0.6,486.28,0.4215678201415485,204.42760271240527,-1,Fault,String 2 Fault
2026-01-13 07:05:09,Normal,587.6,319.8,0,0.6,0.4,0,219,4664.8,1.7,1.6,1.6,248,247,247.3,24.4,352.56,127.92000000000002,0,267.8,587.6,0.19999999999999996,0.6,480.48,0.45579420484558314,218.4756584197925,-1,Fault,String 2 Fault
2026-01-13 07:06:12,Normal,581.1,305.8,0,0.6,0.4,0,233,4664.9,1.6,1.9,1.6,248,246.4,247.2,24.5,348.66,122.32000000000001,0,275.3,581.1,0.19999999999999996,0.6,470.98,0.4947131502511505,232.53493013972056,-1,Fault,String 2 Fault
2026-01-13 07:07:15,Normal,589.7,278.6,0,0.7,0.4,0,250,4664.9,1.6,1.4,1.5,248,245.9,248.2,24.6,412.79,111.44000000000001,0,311.1,589.7,0.29999999999999993,0.7,524.23,0.47688991382238727,249.60063897763578,-1,Fault,String 2 Fault
2026-01-13 07:08:18,Normal,594.9,226.6,0,0.7,0.5,0,251,4664.9,1.7,1.5,1.6,247.4,246.5,248,24.7,416.42999999999995,113.3,0,368.29999999999995,594.9,0.19999999999999996,0.7,529.7299999999999,0.4738262879696709,250.69916100679183,-1,Fault,String 2 Fault
2026-01-13 17:41:57,Normal,546.9,385.1,0,0.5,0.3,0,143,4781.4,1.7,1.9,1.8,248.1,249.6,249.5,40.8,273.45,115.53,0,161.79999999999995,546.9,0.2,0.5,388.98,0.3676281547441304,152.6473099914603,-1,Fault,String 2 Fault
2026-01-13 17:49:16,Normal,465.2,375.7,0,0.3,0.2,0,49,4781.4,1.8,1.8,1.5,249.4,247.7,248.4,40.2,139.56,75.14,0,89.5,465.2,0.09999999999999998,0.3,214.7,0.2282254297707246,52.172061328790456,-1,Fault,String 2 Fault
2026-01-13 17:51:21,Normal,446.8,265.4,0,0.3,0.2,0,51,4781.4,1.8,1.7,1.5,249.6,247.1,248.4,40.0,134.04,53.08,0,181.40000000000003,446.8,0.09999999999999998,0.3,187.12,0.27255237135232807,54.255319148936174,-1,Fault,String 2 Fault
2026-01-13 17:52:24,Normal,420.1,593.3,0,0.3,0.1,0,35,4781.4,1.7,1.8,1.5,250.5,246.9,248.1,39.9,126.03,59.33,0,173.19999999999993,420.1,0.19999999999999998,0.3,185.36,0.1888217512471852,37.21820501914079,-1,Fault,String 1 Fault
2026-01-13 17:54:29,Normal,318.1,415.1,0,0.3,0.2,0,34,4781.4,1.7,1.5,1.7,250.2,247,248.2,39.8,95.43,83.02000000000001,0,97.0,318.1,0.09999999999999998,0.3,178.45000000000002,0.190529559033177,36.13945578231293,-1,Fault,String 1 Fault
2026-01-13 17:58:38,Normal,282.3,503.8,0,0.3,0.1,0,33,4781.4,1.8,1.7,1.7,250.5,247.6,248.5,39.5,84.69,50.38,0,221.5,282.3,0.19999999999999998,0.3,135.07,0.2443177593520563,35.031847133757964,-1,Fault,String 1 Fault
2026-01-13 17:59:41,Normal,245.8,449.8,0,0.3,0.1,0,25,4781.4,1.6,1.2,1.5,250.3,248,248.8,39.4,73.74,44.980000000000004,0,204.0,245.8,0.19999999999999998,0.3,118.72,0.21057951305104858,26.528013582342954,-1,Fault,String 1 Fault
2026-01-13 18:00:43,Normal,258.5,437.8,0,0.2,0.1,0,32,4781.4,1.4,1.8,1.6,251,248.1,248.8,39.3,51.7,43.78,0,179.3,258.5,0.1,0.2,95.48,0.3351487187353507,33.941450997030124,-1,Fault,String 1 Fault
2026-01-13 18:01:46,Normal,242.6,433.8,0,0.2,0.1,0,37,4781.4,1.6,1.4,1.8,251.5,248.1,249.3,39.2,48.52,43.38,0,191.20000000000002,242.6,0.1,0.2,91.9,0.40261152989541316,39.22815945716709,-1,Fault,String 1 Fault
2026-01-13 18:02:48,Normal,255.5,422.8,0,0.2,0.1,0,39,4781.4,2,1.8,1.6,251.3,248.3,248.3,39.2,51.1,42.28,0,167.3,255.5,0.1,0.2,93.38,0.4176483142252269,41.348600508905854,-1,Fault,String 1 Fault
2026-01-13 18:03:50,Normal,251.3,406.1,0,0.2,0.1,0,28,4781.4,1.8,1.6,1.6,250.6,247.5,247.9,39.1,50.260000000000005,40.61000000000001,0,154.8,251.3,0.1,0.2,90.87,0.30813249358278316,29.673590504451038,-1,Fault,String 1 Fault
